Review ID,Reviewer's Profile,Reviewer's Name,Review Title,Review Rating,Review Date,Review Badge,Review Content,Review Images,Product URL
R1TPWMQ49A0516,https://www.amazon.com/gp/profile/amzn1.account.AE6GN6Y5LJV4PAJ6WKT2SEJEQHJQ/ref=cm_cr_getr_d_gw_btm,ann25,Perfect size for a day trip,5.0 out of 5 stars,"Reviewed in the United States on December 11, 2025",Verified Purchase,"Very nice quality, great value for the money!!!! Luxurious size for a personal cooler, super insulation. Great for a picnic, day trip, or the beach for a couple or small family. Love the sturdy handle; the top locks securely and holds a good-sized ice pack...No complaints! :)",,https://www.amazon.com/LifeBROS-Insulated-Leak-Proof-Pincnic%E3%80%81Car%E3%80%81Home-Recreation%E3%80%81etc-Blue/dp/B0BFW9217D/ref=sr_1_98_sspa?crid=2R2UMV79RTHYV&dib=eyJ2IjoiMSJ9.Ala3x3LlqNApcdXtNw8aBXKngsesZRQhSLgmXDcc2_sPbra5huzPsu0NaUXJHN-SlihbF0VwwVyoROhKKDpmP8fUnrpGxoMcJsHcUpoflHvbvkpzmQHhe4AFg0YlydCqqcs--2FeeMTlZhQ1o_YzGGYEwdDOKMcubFZLnF1wLmr2wR_HxqVZXkJEshI_qSXhCljJlBmA8vRu__kabn5NC9d6d0ukAoM9pGk39SIPKtN-8aXiwfCLx6Siw01oQovXjzo3P3OYas1qZ61jdaXq4C04VeYuoR3VtpLrVvwACCA.Sx19IItqMkyM_2PfQGv1FQ0-r6AHN1cDjAevfLW96tw&dib_tag=se&keywords=cooler&qid=1768772219&refinements=p_36%3A-5800%2Cp_72%3A1248957011&rnid=386589011&sprefix=coole%2Caps%2C192&sr=8-98-spons&xpid=Z7R59A5D-GR8g&sp_csd=d2lkZ2V0TmFtZT1zcF9idGY&th=1
R3TT9OY48RGKWC,https://www.amazon.com/gp/profile/amzn1.account.AGHUWCFXAGFAN7S3SJN6YKIMALKA/ref=cm_cr_getr_d_gw_btm,ECS,Great size and quality,5.0 out of 5 stars,"Reviewed in the United States on May 3, 2025",Verified Purchase,We have used this product several times already and love its size and portability. It is made of durable material and cleans up easily. We love that the ice packs fit in the lid to allow for easy storage and more room within the cooler. The handle is sturdy and manages anything we pack inside.,,https://www.amazon.com/LifeBROS-Insulated-Leak-Proof-Pincnic%E3%80%81Car%E3%80%81Home-Recreation%E3%80%81etc-Blue/dp/B0BFW9217D/ref=sr_1_98_sspa?crid=2R2UMV79RTHYV&dib=eyJ2IjoiMSJ9.Ala3x3LlqNApcdXtNw8aBXKngsesZRQhSLgmXDcc2_sPbra5huzPsu0NaUXJHN-SlihbF0VwwVyoROhKKDpmP8fUnrpGxoMcJsHcUpoflHvbvkpzmQHhe4AFg0YlydCqqcs--2FeeMTlZhQ1o_YzGGYEwdDOKMcubFZLnF1wLmr2wR_HxqVZXkJEshI_qSXhCljJlBmA8vRu__kabn5NC9d6d0ukAoM9pGk39SIPKtN-8aXiwfCLx6Siw01oQovXjzo3P3OYas1qZ61jdaXq4C04VeYuoR3VtpLrVvwACCA.Sx19IItqMkyM_2PfQGv1FQ0-r6AHN1cDjAevfLW96tw&dib_tag=se&keywords=cooler&qid=1768772219&refinements=p_36%3A-5800%2Cp_72%3A1248957011&rnid=386589011&sprefix=coole%2Caps%2C192&sr=8-98-spons&xpid=Z7R59A5D-GR8g&sp_csd=d2lkZ2V0TmFtZT1zcF9idGY&th=1
R250K8RLFB7PY8,https://www.amazon.com/gp/profile/amzn1.account.AFASO5KFMCBXMKDX2BF76TRNU2VA/ref=cm_cr_getr_d_gw_btm,Reid,Pretty Solid.,5.0 out of 5 stars,"Reviewed in the United States on August 14, 2025",Verified Purchase,"One of the few coolers that are bit enough while still flat enough to fit in the back of a truck with the decked drawer system, at least for 2022 Ram 1500. Keeps things cool, and the ice packs are pretty neat. All in all, good product.",,https://www.amazon.com/LifeBROS-Insulated-Leak-Proof-Pincnic%E3%80%81Car%E3%80%81Home-Recreation%E3%80%81etc-Blue/dp/B0BFW9217D/ref=sr_1_98_sspa?crid=2R2UMV79RTHYV&dib=eyJ2IjoiMSJ9.Ala3x3LlqNApcdXtNw8aBXKngsesZRQhSLgmXDcc2_sPbra5huzPsu0NaUXJHN-SlihbF0VwwVyoROhKKDpmP8fUnrpGxoMcJsHcUpoflHvbvkpzmQHhe4AFg0YlydCqqcs--2FeeMTlZhQ1o_YzGGYEwdDOKMcubFZLnF1wLmr2wR_HxqVZXkJEshI_qSXhCljJlBmA8vRu__kabn5NC9d6d0ukAoM9pGk39SIPKtN-8aXiwfCLx6Siw01oQovXjzo3P3OYas1qZ61jdaXq4C04VeYuoR3VtpLrVvwACCA.Sx19IItqMkyM_2PfQGv1FQ0-r6AHN1cDjAevfLW96tw&dib_tag=se&keywords=cooler&qid=1768772219&refinements=p_36%3A-5800%2Cp_72%3A1248957011&rnid=386589011&sprefix=coole%2Caps%2C192&sr=8-98-spons&xpid=Z7R59A5D-GR8g&sp_csd=d2lkZ2V0TmFtZT1zcF9idGY&th=1
R25F5RR1GC6GQY,https://www.amazon.com/gp/profile/amzn1.account.AFJKVBIO4DFTG325NRWDAYLJYQ2A/ref=cm_cr_getr_d_gw_btm,Mateo Ortiz Toro,Excellent affordable cooler,5.0 out of 5 stars,"Reviewed in the United States on January 5, 2026",Verified Purchase,"Right size to take anywhere no need for ice packs for a couple of hours transport, seals great no cold loss",,https://www.amazon.com/LifeBROS-Insulated-Leak-Proof-Pincnic%E3%80%81Car%E3%80%81Home-Recreation%E3%80%81etc-Blue/dp/B0BFW9217D/ref=sr_1_98_sspa?crid=2R2UMV79RTHYV&dib=eyJ2IjoiMSJ9.Ala3x3LlqNApcdXtNw8aBXKngsesZRQhSLgmXDcc2_sPbra5huzPsu0NaUXJHN-SlihbF0VwwVyoROhKKDpmP8fUnrpGxoMcJsHcUpoflHvbvkpzmQHhe4AFg0YlydCqqcs--2FeeMTlZhQ1o_YzGGYEwdDOKMcubFZLnF1wLmr2wR_HxqVZXkJEshI_qSXhCljJlBmA8vRu__kabn5NC9d6d0ukAoM9pGk39SIPKtN-8aXiwfCLx6Siw01oQovXjzo3P3OYas1qZ61jdaXq4C04VeYuoR3VtpLrVvwACCA.Sx19IItqMkyM_2PfQGv1FQ0-r6AHN1cDjAevfLW96tw&dib_tag=se&keywords=cooler&qid=1768772219&refinements=p_36%3A-5800%2Cp_72%3A1248957011&rnid=386589011&sprefix=coole%2Caps%2C192&sr=8-98-spons&xpid=Z7R59A5D-GR8g&sp_csd=d2lkZ2V0TmFtZT1zcF9idGY&th=1
R5L1LVRX04ZHQ,https://www.amazon.com/gp/profile/amzn1.account.AFH2MYNNVRLLRDQSWTZIZONNJEFA/ref=cm_cr_getr_d_gw_btm,CMac,Cool cooler!,5.0 out of 5 stars,"Reviewed in the United States on November 29, 2025",Verified Purchase,I can hold over 6 bottles of beer. It's nice because it's tall enough to close the lid with bottles standing up.,,https://www.amazon.com/LifeBROS-Insulated-Leak-Proof-Pincnic%E3%80%81Car%E3%80%81Home-Recreation%E3%80%81etc-Blue/dp/B0BFW9217D/ref=sr_1_98_sspa?crid=2R2UMV79RTHYV&dib=eyJ2IjoiMSJ9.Ala3x3LlqNApcdXtNw8aBXKngsesZRQhSLgmXDcc2_sPbra5huzPsu0NaUXJHN-SlihbF0VwwVyoROhKKDpmP8fUnrpGxoMcJsHcUpoflHvbvkpzmQHhe4AFg0YlydCqqcs--2FeeMTlZhQ1o_YzGGYEwdDOKMcubFZLnF1wLmr2wR_HxqVZXkJEshI_qSXhCljJlBmA8vRu__kabn5NC9d6d0ukAoM9pGk39SIPKtN-8aXiwfCLx6Siw01oQovXjzo3P3OYas1qZ61jdaXq4C04VeYuoR3VtpLrVvwACCA.Sx19IItqMkyM_2PfQGv1FQ0-r6AHN1cDjAevfLW96tw&dib_tag=se&keywords=cooler&qid=1768772219&refinements=p_36%3A-5800%2Cp_72%3A1248957011&rnid=386589011&sprefix=coole%2Caps%2C192&sr=8-98-spons&xpid=Z7R59A5D-GR8g&sp_csd=d2lkZ2V0TmFtZT1zcF9idGY&th=1
R26Q4DH4RS0418,https://www.amazon.com/gp/profile/amzn1.account.AH2NQGFDD64LJT7URZDTOKVCXIYQ/ref=cm_cr_getr_d_gw_btm,AR,Surprised (Bought for Pond Prowler Boat),5.0 out of 5 stars,"Reviewed in the United States on September 4, 2025",Verified Purchase,"Needed a short cooler that could fit under the seat of my tiny boat. Perfect size to fit, with a lithium battery right next to it in the back of the boat. Much better fit than the Yeti 20 I was using. About the cooler: It really does keep the ice. I read reviews saying that it doesn’t hold ice more than a couple hours. WRONG (at least for me). Started the trip around 10:00 AM and it still had a fair amount of frozen ice at 10:00 PM (all day in the boat, exposed to the sun portions of the day). And I only lined the top with ice, with a packed cooler full of drinks. There are other coolers that will hold ice longer (for at least three times the price & bulky). About the ice packs: They’re awesome. Like another reviewer stated, when frozen they can deform a little and not hold in place as well. However it’s temporary. When they thaw ever so slightly they fit tightly back in place. Quit wining people, its a great feature! They stayed locked in all day. Handle has some flex, but is sufficiently strong for the load you carry with it (just don’t pack any iron weights and you’ll be good).",,https://www.amazon.com/LifeBROS-Insulated-Leak-Proof-Pincnic%E3%80%81Car%E3%80%81Home-Recreation%E3%80%81etc-Blue/dp/B0BFW9217D/ref=sr_1_98_sspa?crid=2R2UMV79RTHYV&dib=eyJ2IjoiMSJ9.Ala3x3LlqNApcdXtNw8aBXKngsesZRQhSLgmXDcc2_sPbra5huzPsu0NaUXJHN-SlihbF0VwwVyoROhKKDpmP8fUnrpGxoMcJsHcUpoflHvbvkpzmQHhe4AFg0YlydCqqcs--2FeeMTlZhQ1o_YzGGYEwdDOKMcubFZLnF1wLmr2wR_HxqVZXkJEshI_qSXhCljJlBmA8vRu__kabn5NC9d6d0ukAoM9pGk39SIPKtN-8aXiwfCLx6Siw01oQovXjzo3P3OYas1qZ61jdaXq4C04VeYuoR3VtpLrVvwACCA.Sx19IItqMkyM_2PfQGv1FQ0-r6AHN1cDjAevfLW96tw&dib_tag=se&keywords=cooler&qid=1768772219&refinements=p_36%3A-5800%2Cp_72%3A1248957011&rnid=386589011&sprefix=coole%2Caps%2C192&sr=8-98-spons&xpid=Z7R59A5D-GR8g&sp_csd=d2lkZ2V0TmFtZT1zcF9idGY&th=1
R1ZVO8297A9WSO,https://www.amazon.com/gp/profile/amzn1.account.AHFMQBQA33GYQDZ3IJUYEYH3HKMA/ref=cm_cr_getr_d_gw_btm,S A,Soda on the go?,5.0 out of 5 stars,"Reviewed in the United States on December 7, 2025",Verified Purchase,"Got a little hatchback, and leaving drinks in the back would be messy. Exploding in the summer, freezing in the winter. This was the ideal fix to store drinks in my car. Sturdy little thing with good insulation. Fits in my little Prius too.",,https://www.amazon.com/LifeBROS-Insulated-Leak-Proof-Pincnic%E3%80%81Car%E3%80%81Home-Recreation%E3%80%81etc-Blue/dp/B0BFW9217D/ref=sr_1_98_sspa?crid=2R2UMV79RTHYV&dib=eyJ2IjoiMSJ9.Ala3x3LlqNApcdXtNw8aBXKngsesZRQhSLgmXDcc2_sPbra5huzPsu0NaUXJHN-SlihbF0VwwVyoROhKKDpmP8fUnrpGxoMcJsHcUpoflHvbvkpzmQHhe4AFg0YlydCqqcs--2FeeMTlZhQ1o_YzGGYEwdDOKMcubFZLnF1wLmr2wR_HxqVZXkJEshI_qSXhCljJlBmA8vRu__kabn5NC9d6d0ukAoM9pGk39SIPKtN-8aXiwfCLx6Siw01oQovXjzo3P3OYas1qZ61jdaXq4C04VeYuoR3VtpLrVvwACCA.Sx19IItqMkyM_2PfQGv1FQ0-r6AHN1cDjAevfLW96tw&dib_tag=se&keywords=cooler&qid=1768772219&refinements=p_36%3A-5800%2Cp_72%3A1248957011&rnid=386589011&sprefix=coole%2Caps%2C192&sr=8-98-spons&xpid=Z7R59A5D-GR8g&sp_csd=d2lkZ2V0TmFtZT1zcF9idGY&th=1
R2LIV3LP36UX85,https://www.amazon.com/gp/profile/amzn1.account.AFJZR7GT2DLNHQXQNRU2F3SM5OVQ/ref=cm_cr_getr_d_gw_btm,KD,Price,5.0 out of 5 stars,"Reviewed in the United States on December 18, 2025",Verified Purchase,Great,,https://www.amazon.com/LifeBROS-Insulated-Leak-Proof-Pincnic%E3%80%81Car%E3%80%81Home-Recreation%E3%80%81etc-Blue/dp/B0BFW9217D/ref=sr_1_98_sspa?crid=2R2UMV79RTHYV&dib=eyJ2IjoiMSJ9.Ala3x3LlqNApcdXtNw8aBXKngsesZRQhSLgmXDcc2_sPbra5huzPsu0NaUXJHN-SlihbF0VwwVyoROhKKDpmP8fUnrpGxoMcJsHcUpoflHvbvkpzmQHhe4AFg0YlydCqqcs--2FeeMTlZhQ1o_YzGGYEwdDOKMcubFZLnF1wLmr2wR_HxqVZXkJEshI_qSXhCljJlBmA8vRu__kabn5NC9d6d0ukAoM9pGk39SIPKtN-8aXiwfCLx6Siw01oQovXjzo3P3OYas1qZ61jdaXq4C04VeYuoR3VtpLrVvwACCA.Sx19IItqMkyM_2PfQGv1FQ0-r6AHN1cDjAevfLW96tw&dib_tag=se&keywords=cooler&qid=1768772219&refinements=p_36%3A-5800%2Cp_72%3A1248957011&rnid=386589011&sprefix=coole%2Caps%2C192&sr=8-98-spons&xpid=Z7R59A5D-GR8g&sp_csd=d2lkZ2V0TmFtZT1zcF9idGY&th=1
R3TV4ITEOPPSUM,https://www.amazon.com/gp/profile/amzn1.account.AGTTLH5AD2RTBP5ONTULDW6VJXZQ/ref=cm_cr_getr_d_gw_btm,Jonatan Lopez,,5.0 out of 5 stars,"Reviewed in the United States on November 8, 2025",Verified Purchase,Cumple con las expectativas,,https://www.amazon.com/LifeBROS-Insulated-Leak-Proof-Pincnic%E3%80%81Car%E3%80%81Home-Recreation%E3%80%81etc-Blue/dp/B0BFW9217D/ref=sr_1_98_sspa?crid=2R2UMV79RTHYV&dib=eyJ2IjoiMSJ9.Ala3x3LlqNApcdXtNw8aBXKngsesZRQhSLgmXDcc2_sPbra5huzPsu0NaUXJHN-SlihbF0VwwVyoROhKKDpmP8fUnrpGxoMcJsHcUpoflHvbvkpzmQHhe4AFg0YlydCqqcs--2FeeMTlZhQ1o_YzGGYEwdDOKMcubFZLnF1wLmr2wR_HxqVZXkJEshI_qSXhCljJlBmA8vRu__kabn5NC9d6d0ukAoM9pGk39SIPKtN-8aXiwfCLx6Siw01oQovXjzo3P3OYas1qZ61jdaXq4C04VeYuoR3VtpLrVvwACCA.Sx19IItqMkyM_2PfQGv1FQ0-r6AHN1cDjAevfLW96tw&dib_tag=se&keywords=cooler&qid=1768772219&refinements=p_36%3A-5800%2Cp_72%3A1248957011&rnid=386589011&sprefix=coole%2Caps%2C192&sr=8-98-spons&xpid=Z7R59A5D-GR8g&sp_csd=d2lkZ2V0TmFtZT1zcF9idGY&th=1
RLMR3BF8FRNWN,https://www.amazon.com/gp/profile/amzn1.account.AFXYHVX5H4QCOVY5QFBXVGDSKGWA/ref=cm_cr_getr_d_gw_btm,CAD,Nice,5.0 out of 5 stars,"Reviewed in the United States on November 3, 2025",Verified Purchase,Nice,,https://www.amazon.com/LifeBROS-Insulated-Leak-Proof-Pincnic%E3%80%81Car%E3%80%81Home-Recreation%E3%80%81etc-Blue/dp/B0BFW9217D/ref=sr_1_98_sspa?crid=2R2UMV79RTHYV&dib=eyJ2IjoiMSJ9.Ala3x3LlqNApcdXtNw8aBXKngsesZRQhSLgmXDcc2_sPbra5huzPsu0NaUXJHN-SlihbF0VwwVyoROhKKDpmP8fUnrpGxoMcJsHcUpoflHvbvkpzmQHhe4AFg0YlydCqqcs--2FeeMTlZhQ1o_YzGGYEwdDOKMcubFZLnF1wLmr2wR_HxqVZXkJEshI_qSXhCljJlBmA8vRu__kabn5NC9d6d0ukAoM9pGk39SIPKtN-8aXiwfCLx6Siw01oQovXjzo3P3OYas1qZ61jdaXq4C04VeYuoR3VtpLrVvwACCA.Sx19IItqMkyM_2PfQGv1FQ0-r6AHN1cDjAevfLW96tw&dib_tag=se&keywords=cooler&qid=1768772219&refinements=p_36%3A-5800%2Cp_72%3A1248957011&rnid=386589011&sprefix=coole%2Caps%2C192&sr=8-98-spons&xpid=Z7R59A5D-GR8g&sp_csd=d2lkZ2V0TmFtZT1zcF9idGY&th=1
R66WFJYYAOC1,https://www.amazon.com/gp/profile/amzn1.account.AEHDW3FHCOQPGSS4G6YOLL3YARQQ/ref=cm_cr_getr_d_gw_btm,Fibrenew Folsom,Dimensions were just what I needed,5.0 out of 5 stars,"Reviewed in the United States on July 30, 2025",Verified Purchase,"This fit the bill. I am using to store temperature sensitive premixed dyes. I build custom insert racks. Be aware that the volume appears to be tapered lid to bottom. In other words, the lid area dimensions are longer/wider than the dimensions on the bottom. It's only a slight difference, but did cause me to shrink my insert size.",,https://www.amazon.com/LifeBROS-Insulated-Leak-Proof-Pincnic%E3%80%81Car%E3%80%81Home-Recreation%E3%80%81etc-Blue/dp/B0BFW9217D/ref=sr_1_98_sspa?crid=2R2UMV79RTHYV&dib=eyJ2IjoiMSJ9.Ala3x3LlqNApcdXtNw8aBXKngsesZRQhSLgmXDcc2_sPbra5huzPsu0NaUXJHN-SlihbF0VwwVyoROhKKDpmP8fUnrpGxoMcJsHcUpoflHvbvkpzmQHhe4AFg0YlydCqqcs--2FeeMTlZhQ1o_YzGGYEwdDOKMcubFZLnF1wLmr2wR_HxqVZXkJEshI_qSXhCljJlBmA8vRu__kabn5NC9d6d0ukAoM9pGk39SIPKtN-8aXiwfCLx6Siw01oQovXjzo3P3OYas1qZ61jdaXq4C04VeYuoR3VtpLrVvwACCA.Sx19IItqMkyM_2PfQGv1FQ0-r6AHN1cDjAevfLW96tw&dib_tag=se&keywords=cooler&qid=1768772219&refinements=p_36%3A-5800%2Cp_72%3A1248957011&rnid=386589011&sprefix=coole%2Caps%2C192&sr=8-98-spons&xpid=Z7R59A5D-GR8g&sp_csd=d2lkZ2V0TmFtZT1zcF9idGY&th=1
R1ULP1ZQ786SM8,https://www.amazon.com/gp/profile/amzn1.account.AH4YJ2ZCLMRCJAG7LMLBHYRPEE2Q/ref=cm_cr_getr_d_gw_btm,Joseph Sawicki Jr,Customer service is outstanding.,5.0 out of 5 stars,"Reviewed in the United States on August 6, 2025",Verified Purchase,Had an issue with the cooler but the vendor was great to deal with. I wish all vendors were that accomodating. Definitely give this cooler a try but remember to add an extra ice pack or ice if keeping for a long day in the warm/hot weather. I love its size.,,https://www.amazon.com/LifeBROS-Insulated-Leak-Proof-Pincnic%E3%80%81Car%E3%80%81Home-Recreation%E3%80%81etc-Blue/dp/B0BFW9217D/ref=sr_1_98_sspa?crid=2R2UMV79RTHYV&dib=eyJ2IjoiMSJ9.Ala3x3LlqNApcdXtNw8aBXKngsesZRQhSLgmXDcc2_sPbra5huzPsu0NaUXJHN-SlihbF0VwwVyoROhKKDpmP8fUnrpGxoMcJsHcUpoflHvbvkpzmQHhe4AFg0YlydCqqcs--2FeeMTlZhQ1o_YzGGYEwdDOKMcubFZLnF1wLmr2wR_HxqVZXkJEshI_qSXhCljJlBmA8vRu__kabn5NC9d6d0ukAoM9pGk39SIPKtN-8aXiwfCLx6Siw01oQovXjzo3P3OYas1qZ61jdaXq4C04VeYuoR3VtpLrVvwACCA.Sx19IItqMkyM_2PfQGv1FQ0-r6AHN1cDjAevfLW96tw&dib_tag=se&keywords=cooler&qid=1768772219&refinements=p_36%3A-5800%2Cp_72%3A1248957011&rnid=386589011&sprefix=coole%2Caps%2C192&sr=8-98-spons&xpid=Z7R59A5D-GR8g&sp_csd=d2lkZ2V0TmFtZT1zcF9idGY&th=1
R320Q7X5XKDZBF,https://www.amazon.com/gp/profile/amzn1.account.AF3GEGPIRF5PNV6HBCACCJ5HLI2Q/ref=cm_cr_getr_d_gw_btm,JIM C.,Highly recommended,5.0 out of 5 stars,"Reviewed in the United States on October 18, 2025",Verified Purchase,Excellent quality. Clever design,,https://www.amazon.com/LifeBROS-Insulated-Leak-Proof-Pincnic%E3%80%81Car%E3%80%81Home-Recreation%E3%80%81etc-Blue/dp/B0BFW9217D/ref=sr_1_98_sspa?crid=2R2UMV79RTHYV&dib=eyJ2IjoiMSJ9.Ala3x3LlqNApcdXtNw8aBXKngsesZRQhSLgmXDcc2_sPbra5huzPsu0NaUXJHN-SlihbF0VwwVyoROhKKDpmP8fUnrpGxoMcJsHcUpoflHvbvkpzmQHhe4AFg0YlydCqqcs--2FeeMTlZhQ1o_YzGGYEwdDOKMcubFZLnF1wLmr2wR_HxqVZXkJEshI_qSXhCljJlBmA8vRu__kabn5NC9d6d0ukAoM9pGk39SIPKtN-8aXiwfCLx6Siw01oQovXjzo3P3OYas1qZ61jdaXq4C04VeYuoR3VtpLrVvwACCA.Sx19IItqMkyM_2PfQGv1FQ0-r6AHN1cDjAevfLW96tw&dib_tag=se&keywords=cooler&qid=1768772219&refinements=p_36%3A-5800%2Cp_72%3A1248957011&rnid=386589011&sprefix=coole%2Caps%2C192&sr=8-98-spons&xpid=Z7R59A5D-GR8g&sp_csd=d2lkZ2V0TmFtZT1zcF9idGY&th=1
R1JKGM2M45SOUM,https://www.amazon.com/gp/profile/amzn1.account.AFKZRQ4SHVUT6Y7VAY4OZ5WKAWYA/ref=cm_cr_getr_d_gw_btm,boontongal,Hard to Find Size,5.0 out of 5 stars,"Reviewed in the United States on May 10, 2025",Verified Purchase,"This is a very unusual size, and I've looked a long time to find this. It's perfect for carrying a pie or a salad in a bowl, as most small coolers don't have the depth for this. It has a couple of slots in the lid to insert the cold packs that come with it, and you can supplement with other cold packs on the bottom around the item. It has a good seal also, which is important. Couldn't be happier.",,https://www.amazon.com/LifeBROS-Insulated-Leak-Proof-Pincnic%E3%80%81Car%E3%80%81Home-Recreation%E3%80%81etc-Blue/dp/B0BFW9217D/ref=sr_1_98_sspa?crid=2R2UMV79RTHYV&dib=eyJ2IjoiMSJ9.Ala3x3LlqNApcdXtNw8aBXKngsesZRQhSLgmXDcc2_sPbra5huzPsu0NaUXJHN-SlihbF0VwwVyoROhKKDpmP8fUnrpGxoMcJsHcUpoflHvbvkpzmQHhe4AFg0YlydCqqcs--2FeeMTlZhQ1o_YzGGYEwdDOKMcubFZLnF1wLmr2wR_HxqVZXkJEshI_qSXhCljJlBmA8vRu__kabn5NC9d6d0ukAoM9pGk39SIPKtN-8aXiwfCLx6Siw01oQovXjzo3P3OYas1qZ61jdaXq4C04VeYuoR3VtpLrVvwACCA.Sx19IItqMkyM_2PfQGv1FQ0-r6AHN1cDjAevfLW96tw&dib_tag=se&keywords=cooler&qid=1768772219&refinements=p_36%3A-5800%2Cp_72%3A1248957011&rnid=386589011&sprefix=coole%2Caps%2C192&sr=8-98-spons&xpid=Z7R59A5D-GR8g&sp_csd=d2lkZ2V0TmFtZT1zcF9idGY&th=1
R3SWQAUJWYS4SW,https://www.amazon.com/gp/profile/amzn1.account.AEKBAALTYBIMZEJDUNNX2SIJFWTQ/ref=cm_cr_getr_d_gw_btm,Skippy,Great for trips,5.0 out of 5 stars,"Reviewed in the United States on October 4, 2025",Verified Purchase,Great for trips,,https://www.amazon.com/LifeBROS-Insulated-Leak-Proof-Pincnic%E3%80%81Car%E3%80%81Home-Recreation%E3%80%81etc-Blue/dp/B0BFW9217D/ref=sr_1_98_sspa?crid=2R2UMV79RTHYV&dib=eyJ2IjoiMSJ9.Ala3x3LlqNApcdXtNw8aBXKngsesZRQhSLgmXDcc2_sPbra5huzPsu0NaUXJHN-SlihbF0VwwVyoROhKKDpmP8fUnrpGxoMcJsHcUpoflHvbvkpzmQHhe4AFg0YlydCqqcs--2FeeMTlZhQ1o_YzGGYEwdDOKMcubFZLnF1wLmr2wR_HxqVZXkJEshI_qSXhCljJlBmA8vRu__kabn5NC9d6d0ukAoM9pGk39SIPKtN-8aXiwfCLx6Siw01oQovXjzo3P3OYas1qZ61jdaXq4C04VeYuoR3VtpLrVvwACCA.Sx19IItqMkyM_2PfQGv1FQ0-r6AHN1cDjAevfLW96tw&dib_tag=se&keywords=cooler&qid=1768772219&refinements=p_36%3A-5800%2Cp_72%3A1248957011&rnid=386589011&sprefix=coole%2Caps%2C192&sr=8-98-spons&xpid=Z7R59A5D-GR8g&sp_csd=d2lkZ2V0TmFtZT1zcF9idGY&th=1
R3IPLFHWO46TB5,https://www.amazon.com/gp/profile/amzn1.account.AERPKEVH7YX4G7BEAUZURUH4VEVQ/ref=cm_cr_getr_d_gw_btm,Herbert Morley,Low profile Cooler,5.0 out of 5 stars,"Reviewed in the United States on August 21, 2025",Verified Purchase,Great for the room I have in a CF MOTO Z Force 950 Sport Gen 2 trunk. Great for day trips.,,https://www.amazon.com/LifeBROS-Insulated-Leak-Proof-Pincnic%E3%80%81Car%E3%80%81Home-Recreation%E3%80%81etc-Blue/dp/B0BFW9217D/ref=sr_1_98_sspa?crid=2R2UMV79RTHYV&dib=eyJ2IjoiMSJ9.Ala3x3LlqNApcdXtNw8aBXKngsesZRQhSLgmXDcc2_sPbra5huzPsu0NaUXJHN-SlihbF0VwwVyoROhKKDpmP8fUnrpGxoMcJsHcUpoflHvbvkpzmQHhe4AFg0YlydCqqcs--2FeeMTlZhQ1o_YzGGYEwdDOKMcubFZLnF1wLmr2wR_HxqVZXkJEshI_qSXhCljJlBmA8vRu__kabn5NC9d6d0ukAoM9pGk39SIPKtN-8aXiwfCLx6Siw01oQovXjzo3P3OYas1qZ61jdaXq4C04VeYuoR3VtpLrVvwACCA.Sx19IItqMkyM_2PfQGv1FQ0-r6AHN1cDjAevfLW96tw&dib_tag=se&keywords=cooler&qid=1768772219&refinements=p_36%3A-5800%2Cp_72%3A1248957011&rnid=386589011&sprefix=coole%2Caps%2C192&sr=8-98-spons&xpid=Z7R59A5D-GR8g&sp_csd=d2lkZ2V0TmFtZT1zcF9idGY&th=1
R37W1T33UIBTZ3,https://www.amazon.com/gp/profile/amzn1.account.AG6JPV4RLCFM3SEINFGNNDK424WA/ref=cm_cr_getr_d_gw_btm,Larry,"IT'S SMALL, SO IT DOESN'T TAKE UP MUCH ROOM IN MY CAR !!!!",5.0 out of 5 stars,"Reviewed in the United States on July 22, 2025",Verified Purchase,PERFECT 4 A FEW SANDWITCHES & A COUPLE CANED DRINKS !!!! & IT HAS AN ICE PACK U CAN FREEZE TO KEEP ALL COLD !!!!,,https://www.amazon.com/LifeBROS-Insulated-Leak-Proof-Pincnic%E3%80%81Car%E3%80%81Home-Recreation%E3%80%81etc-Blue/dp/B0BFW9217D/ref=sr_1_98_sspa?crid=2R2UMV79RTHYV&dib=eyJ2IjoiMSJ9.Ala3x3LlqNApcdXtNw8aBXKngsesZRQhSLgmXDcc2_sPbra5huzPsu0NaUXJHN-SlihbF0VwwVyoROhKKDpmP8fUnrpGxoMcJsHcUpoflHvbvkpzmQHhe4AFg0YlydCqqcs--2FeeMTlZhQ1o_YzGGYEwdDOKMcubFZLnF1wLmr2wR_HxqVZXkJEshI_qSXhCljJlBmA8vRu__kabn5NC9d6d0ukAoM9pGk39SIPKtN-8aXiwfCLx6Siw01oQovXjzo3P3OYas1qZ61jdaXq4C04VeYuoR3VtpLrVvwACCA.Sx19IItqMkyM_2PfQGv1FQ0-r6AHN1cDjAevfLW96tw&dib_tag=se&keywords=cooler&qid=1768772219&refinements=p_36%3A-5800%2Cp_72%3A1248957011&rnid=386589011&sprefix=coole%2Caps%2C192&sr=8-98-spons&xpid=Z7R59A5D-GR8g&sp_csd=d2lkZ2V0TmFtZT1zcF9idGY&th=1
RBB3CHJ5ZY9EL,https://www.amazon.com/gp/profile/amzn1.account.AG6KKLBZ4JJS4NGZNFYALIF44WOQ/ref=cm_cr_getr_d_gw_btm,BFRITZ50,Great for smoking meat,5.0 out of 5 stars,"Reviewed in the United States on August 14, 2025",Verified Purchase,Great cooler for resting brisket if you are a smoker!,,https://www.amazon.com/LifeBROS-Insulated-Leak-Proof-Pincnic%E3%80%81Car%E3%80%81Home-Recreation%E3%80%81etc-Blue/dp/B0BFW9217D/ref=sr_1_98_sspa?crid=2R2UMV79RTHYV&dib=eyJ2IjoiMSJ9.Ala3x3LlqNApcdXtNw8aBXKngsesZRQhSLgmXDcc2_sPbra5huzPsu0NaUXJHN-SlihbF0VwwVyoROhKKDpmP8fUnrpGxoMcJsHcUpoflHvbvkpzmQHhe4AFg0YlydCqqcs--2FeeMTlZhQ1o_YzGGYEwdDOKMcubFZLnF1wLmr2wR_HxqVZXkJEshI_qSXhCljJlBmA8vRu__kabn5NC9d6d0ukAoM9pGk39SIPKtN-8aXiwfCLx6Siw01oQovXjzo3P3OYas1qZ61jdaXq4C04VeYuoR3VtpLrVvwACCA.Sx19IItqMkyM_2PfQGv1FQ0-r6AHN1cDjAevfLW96tw&dib_tag=se&keywords=cooler&qid=1768772219&refinements=p_36%3A-5800%2Cp_72%3A1248957011&rnid=386589011&sprefix=coole%2Caps%2C192&sr=8-98-spons&xpid=Z7R59A5D-GR8g&sp_csd=d2lkZ2V0TmFtZT1zcF9idGY&th=1
R2HX2DOZ51A4LY,https://www.amazon.com/gp/profile/amzn1.account.AEWM7FBVYU3QWOA7T2PDTHB4M32A/ref=cm_cr_getr_d_gw_btm,Pixie,Perfect for fishing tackle storage under seat of boat!,5.0 out of 5 stars,"Reviewed in the United States on June 5, 2025",Verified Purchase,Great size…fits under our 13 ft Boston Whaler’s bench seat and holds the day’s fishing tackle! Special bonus is the matching cooler for our drinks! Great quality and perfect size ice packs!,,https://www.amazon.com/LifeBROS-Insulated-Leak-Proof-Pincnic%E3%80%81Car%E3%80%81Home-Recreation%E3%80%81etc-Blue/dp/B0BFW9217D/ref=sr_1_98_sspa?crid=2R2UMV79RTHYV&dib=eyJ2IjoiMSJ9.Ala3x3LlqNApcdXtNw8aBXKngsesZRQhSLgmXDcc2_sPbra5huzPsu0NaUXJHN-SlihbF0VwwVyoROhKKDpmP8fUnrpGxoMcJsHcUpoflHvbvkpzmQHhe4AFg0YlydCqqcs--2FeeMTlZhQ1o_YzGGYEwdDOKMcubFZLnF1wLmr2wR_HxqVZXkJEshI_qSXhCljJlBmA8vRu__kabn5NC9d6d0ukAoM9pGk39SIPKtN-8aXiwfCLx6Siw01oQovXjzo3P3OYas1qZ61jdaXq4C04VeYuoR3VtpLrVvwACCA.Sx19IItqMkyM_2PfQGv1FQ0-r6AHN1cDjAevfLW96tw&dib_tag=se&keywords=cooler&qid=1768772219&refinements=p_36%3A-5800%2Cp_72%3A1248957011&rnid=386589011&sprefix=coole%2Caps%2C192&sr=8-98-spons&xpid=Z7R59A5D-GR8g&sp_csd=d2lkZ2V0TmFtZT1zcF9idGY&th=1
R2HLLS7OBN8ZDX,https://www.amazon.com/gp/profile/amzn1.account.AEVWES74EHELJALLGNREY4YNJLZA/ref=cm_cr_getr_d_gw_btm,Robert D. Noonan,Almost perfect,5.0 out of 5 stars,"Reviewed in the United States on June 7, 2025",Verified Purchase,Good product. Getting the sticker off was a bear. Needed to use Goo Gone. Maybe they could use a sticker that comes off easier 🤔.,,https://www.amazon.com/LifeBROS-Insulated-Leak-Proof-Pincnic%E3%80%81Car%E3%80%81Home-Recreation%E3%80%81etc-Blue/dp/B0BFW9217D/ref=sr_1_98_sspa?crid=2R2UMV79RTHYV&dib=eyJ2IjoiMSJ9.Ala3x3LlqNApcdXtNw8aBXKngsesZRQhSLgmXDcc2_sPbra5huzPsu0NaUXJHN-SlihbF0VwwVyoROhKKDpmP8fUnrpGxoMcJsHcUpoflHvbvkpzmQHhe4AFg0YlydCqqcs--2FeeMTlZhQ1o_YzGGYEwdDOKMcubFZLnF1wLmr2wR_HxqVZXkJEshI_qSXhCljJlBmA8vRu__kabn5NC9d6d0ukAoM9pGk39SIPKtN-8aXiwfCLx6Siw01oQovXjzo3P3OYas1qZ61jdaXq4C04VeYuoR3VtpLrVvwACCA.Sx19IItqMkyM_2PfQGv1FQ0-r6AHN1cDjAevfLW96tw&dib_tag=se&keywords=cooler&qid=1768772219&refinements=p_36%3A-5800%2Cp_72%3A1248957011&rnid=386589011&sprefix=coole%2Caps%2C192&sr=8-98-spons&xpid=Z7R59A5D-GR8g&sp_csd=d2lkZ2V0TmFtZT1zcF9idGY&th=1
R11W1PJ8FP3R8R,https://www.amazon.com/gp/profile/amzn1.account.AF5EGNSOFN4P4MY4CIMV3X4INRFQ/ref=cm_cr_getr_d_gw_btm,Amazon Customer,Great Quality,5.0 out of 5 stars,"Reviewed in the United States on July 3, 2025",Verified Purchase,Great quality and keeps things cold and value for money,,https://www.amazon.com/LifeBROS-Insulated-Leak-Proof-Pincnic%E3%80%81Car%E3%80%81Home-Recreation%E3%80%81etc-Blue/dp/B0BFW9217D/ref=sr_1_98_sspa?crid=2R2UMV79RTHYV&dib=eyJ2IjoiMSJ9.Ala3x3LlqNApcdXtNw8aBXKngsesZRQhSLgmXDcc2_sPbra5huzPsu0NaUXJHN-SlihbF0VwwVyoROhKKDpmP8fUnrpGxoMcJsHcUpoflHvbvkpzmQHhe4AFg0YlydCqqcs--2FeeMTlZhQ1o_YzGGYEwdDOKMcubFZLnF1wLmr2wR_HxqVZXkJEshI_qSXhCljJlBmA8vRu__kabn5NC9d6d0ukAoM9pGk39SIPKtN-8aXiwfCLx6Siw01oQovXjzo3P3OYas1qZ61jdaXq4C04VeYuoR3VtpLrVvwACCA.Sx19IItqMkyM_2PfQGv1FQ0-r6AHN1cDjAevfLW96tw&dib_tag=se&keywords=cooler&qid=1768772219&refinements=p_36%3A-5800%2Cp_72%3A1248957011&rnid=386589011&sprefix=coole%2Caps%2C192&sr=8-98-spons&xpid=Z7R59A5D-GR8g&sp_csd=d2lkZ2V0TmFtZT1zcF9idGY&th=1
R1NT1IQOLQ86H8,https://www.amazon.com/gp/profile/amzn1.account.AHP3YP4AESFJNRVRVY4I3PQKT5FA/ref=cm_cr_getr_d_gw_btm,JerryLevinson,Best product we ever returned.,5.0 out of 5 stars,"Reviewed in the United States on July 28, 2024",Verified Purchase,This was a really good cooler. I needed something to fit under a seat in our boat. This was going to be perfect. We sold the boat so we didn't need it after all. We never used it so we did end up returning it. But I thought it would have been perfect.,,https://www.amazon.com/LifeBROS-Insulated-Leak-Proof-Pincnic%E3%80%81Car%E3%80%81Home-Recreation%E3%80%81etc-Blue/dp/B0BFW9217D/ref=sr_1_98_sspa?crid=2R2UMV79RTHYV&dib=eyJ2IjoiMSJ9.Ala3x3LlqNApcdXtNw8aBXKngsesZRQhSLgmXDcc2_sPbra5huzPsu0NaUXJHN-SlihbF0VwwVyoROhKKDpmP8fUnrpGxoMcJsHcUpoflHvbvkpzmQHhe4AFg0YlydCqqcs--2FeeMTlZhQ1o_YzGGYEwdDOKMcubFZLnF1wLmr2wR_HxqVZXkJEshI_qSXhCljJlBmA8vRu__kabn5NC9d6d0ukAoM9pGk39SIPKtN-8aXiwfCLx6Siw01oQovXjzo3P3OYas1qZ61jdaXq4C04VeYuoR3VtpLrVvwACCA.Sx19IItqMkyM_2PfQGv1FQ0-r6AHN1cDjAevfLW96tw&dib_tag=se&keywords=cooler&qid=1768772219&refinements=p_36%3A-5800%2Cp_72%3A1248957011&rnid=386589011&sprefix=coole%2Caps%2C192&sr=8-98-spons&xpid=Z7R59A5D-GR8g&sp_csd=d2lkZ2V0TmFtZT1zcF9idGY&th=1
R1P6DJ0TCGOVWO,https://www.amazon.com/gp/profile/amzn1.account.AH44QKG45NWCH5CHJWPSSPRMP7PA/ref=cm_cr_getr_d_gw_btm,Joyce,good size,5.0 out of 5 stars,"Reviewed in the United States on July 12, 2024",Verified Purchase,I bought this to fit in my grocery cart as I gave up driving this year. I live in FL so keeping things chilled is a must. I can walk to the grocery store and still get the ice cream home OK!,,https://www.amazon.com/LifeBROS-Insulated-Leak-Proof-Pincnic%E3%80%81Car%E3%80%81Home-Recreation%E3%80%81etc-Blue/dp/B0BFW9217D/ref=sr_1_98_sspa?crid=2R2UMV79RTHYV&dib=eyJ2IjoiMSJ9.Ala3x3LlqNApcdXtNw8aBXKngsesZRQhSLgmXDcc2_sPbra5huzPsu0NaUXJHN-SlihbF0VwwVyoROhKKDpmP8fUnrpGxoMcJsHcUpoflHvbvkpzmQHhe4AFg0YlydCqqcs--2FeeMTlZhQ1o_YzGGYEwdDOKMcubFZLnF1wLmr2wR_HxqVZXkJEshI_qSXhCljJlBmA8vRu__kabn5NC9d6d0ukAoM9pGk39SIPKtN-8aXiwfCLx6Siw01oQovXjzo3P3OYas1qZ61jdaXq4C04VeYuoR3VtpLrVvwACCA.Sx19IItqMkyM_2PfQGv1FQ0-r6AHN1cDjAevfLW96tw&dib_tag=se&keywords=cooler&qid=1768772219&refinements=p_36%3A-5800%2Cp_72%3A1248957011&rnid=386589011&sprefix=coole%2Caps%2C192&sr=8-98-spons&xpid=Z7R59A5D-GR8g&sp_csd=d2lkZ2V0TmFtZT1zcF9idGY&th=1
R9OKSFBR3U852,https://www.amazon.com/gp/profile/amzn1.account.AFETQCJRVQEOTNRRNHPOZDTBDXYA/ref=cm_cr_getr_d_gw_btm,Noel K.,Great Cooler,5.0 out of 5 stars,"Reviewed in the United States on August 8, 2024",Verified Purchase,I used this cooler to hold enough food and drinks for a dinner meal and breakfast in a nights stay at a hotel. It worked well for my needs.,,https://www.amazon.com/LifeBROS-Insulated-Leak-Proof-Pincnic%E3%80%81Car%E3%80%81Home-Recreation%E3%80%81etc-Blue/dp/B0BFW9217D/ref=sr_1_98_sspa?crid=2R2UMV79RTHYV&dib=eyJ2IjoiMSJ9.Ala3x3LlqNApcdXtNw8aBXKngsesZRQhSLgmXDcc2_sPbra5huzPsu0NaUXJHN-SlihbF0VwwVyoROhKKDpmP8fUnrpGxoMcJsHcUpoflHvbvkpzmQHhe4AFg0YlydCqqcs--2FeeMTlZhQ1o_YzGGYEwdDOKMcubFZLnF1wLmr2wR_HxqVZXkJEshI_qSXhCljJlBmA8vRu__kabn5NC9d6d0ukAoM9pGk39SIPKtN-8aXiwfCLx6Siw01oQovXjzo3P3OYas1qZ61jdaXq4C04VeYuoR3VtpLrVvwACCA.Sx19IItqMkyM_2PfQGv1FQ0-r6AHN1cDjAevfLW96tw&dib_tag=se&keywords=cooler&qid=1768772219&refinements=p_36%3A-5800%2Cp_72%3A1248957011&rnid=386589011&sprefix=coole%2Caps%2C192&sr=8-98-spons&xpid=Z7R59A5D-GR8g&sp_csd=d2lkZ2V0TmFtZT1zcF9idGY&th=1
RWC0LWTD42FTZ,https://www.amazon.com/gp/profile/amzn1.account.AGDWKQFWV4DAAAF6SXZXXLQHOASA/ref=cm_cr_getr_d_gw_btm,fisherman,Excellent,5.0 out of 5 stars,"Reviewed in the United States on August 19, 2023",Verified Purchase,Love thus cooler. I bought it for use while fishing on my boat. Keep everything ice cold. Could be a little bigger so I ordered the 28 quart one for fishing and my wife is going to take the 16 liter one for use in her car for day trips.,,https://www.amazon.com/LifeBROS-Insulated-Leak-Proof-Pincnic%E3%80%81Car%E3%80%81Home-Recreation%E3%80%81etc-Blue/dp/B0BFW9217D/ref=sr_1_98_sspa?crid=2R2UMV79RTHYV&dib=eyJ2IjoiMSJ9.Ala3x3LlqNApcdXtNw8aBXKngsesZRQhSLgmXDcc2_sPbra5huzPsu0NaUXJHN-SlihbF0VwwVyoROhKKDpmP8fUnrpGxoMcJsHcUpoflHvbvkpzmQHhe4AFg0YlydCqqcs--2FeeMTlZhQ1o_YzGGYEwdDOKMcubFZLnF1wLmr2wR_HxqVZXkJEshI_qSXhCljJlBmA8vRu__kabn5NC9d6d0ukAoM9pGk39SIPKtN-8aXiwfCLx6Siw01oQovXjzo3P3OYas1qZ61jdaXq4C04VeYuoR3VtpLrVvwACCA.Sx19IItqMkyM_2PfQGv1FQ0-r6AHN1cDjAevfLW96tw&dib_tag=se&keywords=cooler&qid=1768772219&refinements=p_36%3A-5800%2Cp_72%3A1248957011&rnid=386589011&sprefix=coole%2Caps%2C192&sr=8-98-spons&xpid=Z7R59A5D-GR8g&sp_csd=d2lkZ2V0TmFtZT1zcF9idGY&th=1
R2G84X2RSI5NJY,https://www.amazon.com/gp/profile/amzn1.account.AGELUC776UU2J4MPRH4737IJSKGQ/ref=cm_cr_getr_d_gw_btm,Peanuts,Just right,5.0 out of 5 stars,"Reviewed in the United States on August 20, 2024",Verified Purchase,Just the right size to keep in car’s trunk for those food items needing cooling transportation .,,https://www.amazon.com/LifeBROS-Insulated-Leak-Proof-Pincnic%E3%80%81Car%E3%80%81Home-Recreation%E3%80%81etc-Blue/dp/B0BFW9217D/ref=sr_1_98_sspa?crid=2R2UMV79RTHYV&dib=eyJ2IjoiMSJ9.Ala3x3LlqNApcdXtNw8aBXKngsesZRQhSLgmXDcc2_sPbra5huzPsu0NaUXJHN-SlihbF0VwwVyoROhKKDpmP8fUnrpGxoMcJsHcUpoflHvbvkpzmQHhe4AFg0YlydCqqcs--2FeeMTlZhQ1o_YzGGYEwdDOKMcubFZLnF1wLmr2wR_HxqVZXkJEshI_qSXhCljJlBmA8vRu__kabn5NC9d6d0ukAoM9pGk39SIPKtN-8aXiwfCLx6Siw01oQovXjzo3P3OYas1qZ61jdaXq4C04VeYuoR3VtpLrVvwACCA.Sx19IItqMkyM_2PfQGv1FQ0-r6AHN1cDjAevfLW96tw&dib_tag=se&keywords=cooler&qid=1768772219&refinements=p_36%3A-5800%2Cp_72%3A1248957011&rnid=386589011&sprefix=coole%2Caps%2C192&sr=8-98-spons&xpid=Z7R59A5D-GR8g&sp_csd=d2lkZ2V0TmFtZT1zcF9idGY&th=1
RFFCENN6RTI4L,https://www.amazon.com/gp/profile/amzn1.account.AEI37VKSKZTMRMW7JW74ABB77P7A/ref=cm_cr_getr_d_gw_btm,holly caughell,Bought to hold cooling towels,5.0 out of 5 stars,"Reviewed in the United States on September 5, 2024",Verified Purchase,Keeps the ice/water cold enough in 100 degree weather for cooling towels!,,https://www.amazon.com/LifeBROS-Insulated-Leak-Proof-Pincnic%E3%80%81Car%E3%80%81Home-Recreation%E3%80%81etc-Blue/dp/B0BFW9217D/ref=sr_1_98_sspa?crid=2R2UMV79RTHYV&dib=eyJ2IjoiMSJ9.Ala3x3LlqNApcdXtNw8aBXKngsesZRQhSLgmXDcc2_sPbra5huzPsu0NaUXJHN-SlihbF0VwwVyoROhKKDpmP8fUnrpGxoMcJsHcUpoflHvbvkpzmQHhe4AFg0YlydCqqcs--2FeeMTlZhQ1o_YzGGYEwdDOKMcubFZLnF1wLmr2wR_HxqVZXkJEshI_qSXhCljJlBmA8vRu__kabn5NC9d6d0ukAoM9pGk39SIPKtN-8aXiwfCLx6Siw01oQovXjzo3P3OYas1qZ61jdaXq4C04VeYuoR3VtpLrVvwACCA.Sx19IItqMkyM_2PfQGv1FQ0-r6AHN1cDjAevfLW96tw&dib_tag=se&keywords=cooler&qid=1768772219&refinements=p_36%3A-5800%2Cp_72%3A1248957011&rnid=386589011&sprefix=coole%2Caps%2C192&sr=8-98-spons&xpid=Z7R59A5D-GR8g&sp_csd=d2lkZ2V0TmFtZT1zcF9idGY&th=1
R2YWFD9L8JXLJ5,https://www.amazon.com/gp/profile/amzn1.account.AGBILJQIVHIEXWIACX6VBLZPVQXA/ref=cm_cr_getr_d_gw_btm,Vanessa W.,Nice,5.0 out of 5 stars,"Reviewed in the United States on May 6, 2024",Verified Purchase,Easy to handle and it's roomy for six wine bottles.,,https://www.amazon.com/LifeBROS-Insulated-Leak-Proof-Pincnic%E3%80%81Car%E3%80%81Home-Recreation%E3%80%81etc-Blue/dp/B0BFW9217D/ref=sr_1_98_sspa?crid=2R2UMV79RTHYV&dib=eyJ2IjoiMSJ9.Ala3x3LlqNApcdXtNw8aBXKngsesZRQhSLgmXDcc2_sPbra5huzPsu0NaUXJHN-SlihbF0VwwVyoROhKKDpmP8fUnrpGxoMcJsHcUpoflHvbvkpzmQHhe4AFg0YlydCqqcs--2FeeMTlZhQ1o_YzGGYEwdDOKMcubFZLnF1wLmr2wR_HxqVZXkJEshI_qSXhCljJlBmA8vRu__kabn5NC9d6d0ukAoM9pGk39SIPKtN-8aXiwfCLx6Siw01oQovXjzo3P3OYas1qZ61jdaXq4C04VeYuoR3VtpLrVvwACCA.Sx19IItqMkyM_2PfQGv1FQ0-r6AHN1cDjAevfLW96tw&dib_tag=se&keywords=cooler&qid=1768772219&refinements=p_36%3A-5800%2Cp_72%3A1248957011&rnid=386589011&sprefix=coole%2Caps%2C192&sr=8-98-spons&xpid=Z7R59A5D-GR8g&sp_csd=d2lkZ2V0TmFtZT1zcF9idGY&th=1
R3UTDV04N38V1L,https://www.amazon.com/gp/profile/amzn1.account.AHCFSTWPQAGXQJ5FNZH6BOJEZ6UA/ref=cm_cr_getr_d_gw_btm,tracy breitman,It's exactly what I was looking for,5.0 out of 5 stars,"Reviewed in the United States on December 19, 2023",Verified Purchase,Love the ice pack that you can attach to it,,https://www.amazon.com/LifeBROS-Insulated-Leak-Proof-Pincnic%E3%80%81Car%E3%80%81Home-Recreation%E3%80%81etc-Blue/dp/B0BFW9217D/ref=sr_1_98_sspa?crid=2R2UMV79RTHYV&dib=eyJ2IjoiMSJ9.Ala3x3LlqNApcdXtNw8aBXKngsesZRQhSLgmXDcc2_sPbra5huzPsu0NaUXJHN-SlihbF0VwwVyoROhKKDpmP8fUnrpGxoMcJsHcUpoflHvbvkpzmQHhe4AFg0YlydCqqcs--2FeeMTlZhQ1o_YzGGYEwdDOKMcubFZLnF1wLmr2wR_HxqVZXkJEshI_qSXhCljJlBmA8vRu__kabn5NC9d6d0ukAoM9pGk39SIPKtN-8aXiwfCLx6Siw01oQovXjzo3P3OYas1qZ61jdaXq4C04VeYuoR3VtpLrVvwACCA.Sx19IItqMkyM_2PfQGv1FQ0-r6AHN1cDjAevfLW96tw&dib_tag=se&keywords=cooler&qid=1768772219&refinements=p_36%3A-5800%2Cp_72%3A1248957011&rnid=386589011&sprefix=coole%2Caps%2C192&sr=8-98-spons&xpid=Z7R59A5D-GR8g&sp_csd=d2lkZ2V0TmFtZT1zcF9idGY&th=1
R1882CTP30CFSH,https://www.amazon.com/gp/profile/amzn1.account.AFYSYHU256NRJGZQQ4T653B3LLYA/ref=cm_cr_getr_d_gw_btm,Lauren Morse,Nice little cooler,5.0 out of 5 stars,"Reviewed in the United States on August 6, 2023",Verified Purchase,Good size for lunch or for a day trip.,,https://www.amazon.com/LifeBROS-Insulated-Leak-Proof-Pincnic%E3%80%81Car%E3%80%81Home-Recreation%E3%80%81etc-Blue/dp/B0BFW9217D/ref=sr_1_98_sspa?crid=2R2UMV79RTHYV&dib=eyJ2IjoiMSJ9.Ala3x3LlqNApcdXtNw8aBXKngsesZRQhSLgmXDcc2_sPbra5huzPsu0NaUXJHN-SlihbF0VwwVyoROhKKDpmP8fUnrpGxoMcJsHcUpoflHvbvkpzmQHhe4AFg0YlydCqqcs--2FeeMTlZhQ1o_YzGGYEwdDOKMcubFZLnF1wLmr2wR_HxqVZXkJEshI_qSXhCljJlBmA8vRu__kabn5NC9d6d0ukAoM9pGk39SIPKtN-8aXiwfCLx6Siw01oQovXjzo3P3OYas1qZ61jdaXq4C04VeYuoR3VtpLrVvwACCA.Sx19IItqMkyM_2PfQGv1FQ0-r6AHN1cDjAevfLW96tw&dib_tag=se&keywords=cooler&qid=1768772219&refinements=p_36%3A-5800%2Cp_72%3A1248957011&rnid=386589011&sprefix=coole%2Caps%2C192&sr=8-98-spons&xpid=Z7R59A5D-GR8g&sp_csd=d2lkZ2V0TmFtZT1zcF9idGY&th=1
R1RUXVCGNPHMTB,https://www.amazon.com/gp/profile/amzn1.account.AFTUEBK36YCGX2PNRINMYZHTYXTQ/ref=cm_cr_getr_d_gw_btm,Amazon Customer,Love it,5.0 out of 5 stars,"Reviewed in the United States on July 18, 2023",Verified Purchase,My drinks stay cold longer,,https://www.amazon.com/LifeBROS-Insulated-Leak-Proof-Pincnic%E3%80%81Car%E3%80%81Home-Recreation%E3%80%81etc-Blue/dp/B0BFW9217D/ref=sr_1_98_sspa?crid=2R2UMV79RTHYV&dib=eyJ2IjoiMSJ9.Ala3x3LlqNApcdXtNw8aBXKngsesZRQhSLgmXDcc2_sPbra5huzPsu0NaUXJHN-SlihbF0VwwVyoROhKKDpmP8fUnrpGxoMcJsHcUpoflHvbvkpzmQHhe4AFg0YlydCqqcs--2FeeMTlZhQ1o_YzGGYEwdDOKMcubFZLnF1wLmr2wR_HxqVZXkJEshI_qSXhCljJlBmA8vRu__kabn5NC9d6d0ukAoM9pGk39SIPKtN-8aXiwfCLx6Siw01oQovXjzo3P3OYas1qZ61jdaXq4C04VeYuoR3VtpLrVvwACCA.Sx19IItqMkyM_2PfQGv1FQ0-r6AHN1cDjAevfLW96tw&dib_tag=se&keywords=cooler&qid=1768772219&refinements=p_36%3A-5800%2Cp_72%3A1248957011&rnid=386589011&sprefix=coole%2Caps%2C192&sr=8-98-spons&xpid=Z7R59A5D-GR8g&sp_csd=d2lkZ2V0TmFtZT1zcF9idGY&th=1
R2EEJWS5NB7K7W,https://www.amazon.com/gp/profile/amzn1.account.AEYN4IFQ24PQDI6DS5EEP4ZPZJSQ/ref=cm_cr_getr_d_gw_btm,Pamela,Tough construction and ice lasted all day,5.0 out of 5 stars,"Reviewed in the United States on July 3, 2023",Amazon Vine Customer Review of Free Product,"We took this on a outdoor all-day trip in 90 degree weather and it kept all our food and water cold. I love the 2 ice packs in the top that pop out and in easily to freeze and help keep everything cool. We loaded it up with ice and drinks and even with having it open a lot and replacing cold drinks with new warm ones, we still had a considerable amount of ice and freezing cold water at the end of the day. Closes tightly and has a sturdy handle for lifting even when at its fullest and heaviest.",,https://www.amazon.com/LifeBROS-Insulated-Leak-Proof-Pincnic%E3%80%81Car%E3%80%81Home-Recreation%E3%80%81etc-Blue/dp/B0BFW9217D/ref=sr_1_98_sspa?crid=2R2UMV79RTHYV&dib=eyJ2IjoiMSJ9.Ala3x3LlqNApcdXtNw8aBXKngsesZRQhSLgmXDcc2_sPbra5huzPsu0NaUXJHN-SlihbF0VwwVyoROhKKDpmP8fUnrpGxoMcJsHcUpoflHvbvkpzmQHhe4AFg0YlydCqqcs--2FeeMTlZhQ1o_YzGGYEwdDOKMcubFZLnF1wLmr2wR_HxqVZXkJEshI_qSXhCljJlBmA8vRu__kabn5NC9d6d0ukAoM9pGk39SIPKtN-8aXiwfCLx6Siw01oQovXjzo3P3OYas1qZ61jdaXq4C04VeYuoR3VtpLrVvwACCA.Sx19IItqMkyM_2PfQGv1FQ0-r6AHN1cDjAevfLW96tw&dib_tag=se&keywords=cooler&qid=1768772219&refinements=p_36%3A-5800%2Cp_72%3A1248957011&rnid=386589011&sprefix=coole%2Caps%2C192&sr=8-98-spons&xpid=Z7R59A5D-GR8g&sp_csd=d2lkZ2V0TmFtZT1zcF9idGY&th=1
R2S8WV6VEEDHPK,https://www.amazon.com/gp/profile/amzn1.account.AF2NWYS5DNJN7DO7HQKBOT5ZQSRA/ref=cm_cr_getr_d_gw_btm,Jenny,Nice cooler,5.0 out of 5 stars,"Reviewed in the United States on June 23, 2023",Amazon Vine Customer Review of Free Product,"This is a great one-handed cooler. I needed something I could carry with one hand and not those bulky two-handed or wheeled coolers. This was the perfect size for 2 people. I like the ice packs on top. I still put one on the bottom as well, but it's a nice design. Very happy.",,https://www.amazon.com/LifeBROS-Insulated-Leak-Proof-Pincnic%E3%80%81Car%E3%80%81Home-Recreation%E3%80%81etc-Blue/dp/B0BFW9217D/ref=sr_1_98_sspa?crid=2R2UMV79RTHYV&dib=eyJ2IjoiMSJ9.Ala3x3LlqNApcdXtNw8aBXKngsesZRQhSLgmXDcc2_sPbra5huzPsu0NaUXJHN-SlihbF0VwwVyoROhKKDpmP8fUnrpGxoMcJsHcUpoflHvbvkpzmQHhe4AFg0YlydCqqcs--2FeeMTlZhQ1o_YzGGYEwdDOKMcubFZLnF1wLmr2wR_HxqVZXkJEshI_qSXhCljJlBmA8vRu__kabn5NC9d6d0ukAoM9pGk39SIPKtN-8aXiwfCLx6Siw01oQovXjzo3P3OYas1qZ61jdaXq4C04VeYuoR3VtpLrVvwACCA.Sx19IItqMkyM_2PfQGv1FQ0-r6AHN1cDjAevfLW96tw&dib_tag=se&keywords=cooler&qid=1768772219&refinements=p_36%3A-5800%2Cp_72%3A1248957011&rnid=386589011&sprefix=coole%2Caps%2C192&sr=8-98-spons&xpid=Z7R59A5D-GR8g&sp_csd=d2lkZ2V0TmFtZT1zcF9idGY&th=1
RPJ8PPMF6WUFI,https://www.amazon.com/gp/profile/amzn1.account.AFLZ5J5IIR7MOLQ2D4INBTFU5ZAA/ref=cm_cr_getr_d_gw_btm,Mike C,Perfect fit!,4.0 out of 5 stars,"Reviewed in the United States on December 21, 2025",Verified Purchase,"If you're carrying a human head or using it for a sous vide, this thing is perfect! I drilled a hole in the lid and used it for my sous vide. First cook was a 48 hour prime rib. It worked awesome!!!",,https://www.amazon.com/LifeBROS-Insulated-Leak-Proof-Pincnic%E3%80%81Car%E3%80%81Home-Recreation%E3%80%81etc-Blue/dp/B0BFW9217D/ref=sr_1_98_sspa?crid=2R2UMV79RTHYV&dib=eyJ2IjoiMSJ9.Ala3x3LlqNApcdXtNw8aBXKngsesZRQhSLgmXDcc2_sPbra5huzPsu0NaUXJHN-SlihbF0VwwVyoROhKKDpmP8fUnrpGxoMcJsHcUpoflHvbvkpzmQHhe4AFg0YlydCqqcs--2FeeMTlZhQ1o_YzGGYEwdDOKMcubFZLnF1wLmr2wR_HxqVZXkJEshI_qSXhCljJlBmA8vRu__kabn5NC9d6d0ukAoM9pGk39SIPKtN-8aXiwfCLx6Siw01oQovXjzo3P3OYas1qZ61jdaXq4C04VeYuoR3VtpLrVvwACCA.Sx19IItqMkyM_2PfQGv1FQ0-r6AHN1cDjAevfLW96tw&dib_tag=se&keywords=cooler&qid=1768772219&refinements=p_36%3A-5800%2Cp_72%3A1248957011&rnid=386589011&sprefix=coole%2Caps%2C192&sr=8-98-spons&xpid=Z7R59A5D-GR8g&sp_csd=d2lkZ2V0TmFtZT1zcF9idGY&th=1
R15WC5GC19YPVF,https://www.amazon.com/gp/profile/amzn1.account.AGJJR6XUJMUVO3RE6EOGJFMTRRTQ/ref=cm_cr_getr_d_gw_btm,Chum,I have no problem everything is just fine,4.0 out of 5 stars,"Reviewed in the United States on January 4, 2026",Verified Purchase,"Ice pack doesn't last very long, other reviews states that the lid is too hard to open I have no problem with it.",,https://www.amazon.com/LifeBROS-Insulated-Leak-Proof-Pincnic%E3%80%81Car%E3%80%81Home-Recreation%E3%80%81etc-Blue/dp/B0BFW9217D/ref=sr_1_98_sspa?crid=2R2UMV79RTHYV&dib=eyJ2IjoiMSJ9.Ala3x3LlqNApcdXtNw8aBXKngsesZRQhSLgmXDcc2_sPbra5huzPsu0NaUXJHN-SlihbF0VwwVyoROhKKDpmP8fUnrpGxoMcJsHcUpoflHvbvkpzmQHhe4AFg0YlydCqqcs--2FeeMTlZhQ1o_YzGGYEwdDOKMcubFZLnF1wLmr2wR_HxqVZXkJEshI_qSXhCljJlBmA8vRu__kabn5NC9d6d0ukAoM9pGk39SIPKtN-8aXiwfCLx6Siw01oQovXjzo3P3OYas1qZ61jdaXq4C04VeYuoR3VtpLrVvwACCA.Sx19IItqMkyM_2PfQGv1FQ0-r6AHN1cDjAevfLW96tw&dib_tag=se&keywords=cooler&qid=1768772219&refinements=p_36%3A-5800%2Cp_72%3A1248957011&rnid=386589011&sprefix=coole%2Caps%2C192&sr=8-98-spons&xpid=Z7R59A5D-GR8g&sp_csd=d2lkZ2V0TmFtZT1zcF9idGY&th=1
R2G8EX4QTHMPKP,https://www.amazon.com/gp/profile/amzn1.account.AFSO2S7PKDA64X5FMK5ZJ7PGY4VA/ref=cm_cr_getr_d_gw_btm,John Grady,Good value,4.0 out of 5 stars,"Reviewed in the United States on December 6, 2025",Verified Purchase,Works great,,https://www.amazon.com/LifeBROS-Insulated-Leak-Proof-Pincnic%E3%80%81Car%E3%80%81Home-Recreation%E3%80%81etc-Blue/dp/B0BFW9217D/ref=sr_1_98_sspa?crid=2R2UMV79RTHYV&dib=eyJ2IjoiMSJ9.Ala3x3LlqNApcdXtNw8aBXKngsesZRQhSLgmXDcc2_sPbra5huzPsu0NaUXJHN-SlihbF0VwwVyoROhKKDpmP8fUnrpGxoMcJsHcUpoflHvbvkpzmQHhe4AFg0YlydCqqcs--2FeeMTlZhQ1o_YzGGYEwdDOKMcubFZLnF1wLmr2wR_HxqVZXkJEshI_qSXhCljJlBmA8vRu__kabn5NC9d6d0ukAoM9pGk39SIPKtN-8aXiwfCLx6Siw01oQovXjzo3P3OYas1qZ61jdaXq4C04VeYuoR3VtpLrVvwACCA.Sx19IItqMkyM_2PfQGv1FQ0-r6AHN1cDjAevfLW96tw&dib_tag=se&keywords=cooler&qid=1768772219&refinements=p_36%3A-5800%2Cp_72%3A1248957011&rnid=386589011&sprefix=coole%2Caps%2C192&sr=8-98-spons&xpid=Z7R59A5D-GR8g&sp_csd=d2lkZ2V0TmFtZT1zcF9idGY&th=1
RSCN0592Q6L3X,https://www.amazon.com/gp/profile/amzn1.account.AELOKFOBX3KWNOO3TYB7IHRE4GXQ/ref=cm_cr_getr_d_gw_btm,L Schelb,Okay for keeping items cool for a short time.,4.0 out of 5 stars,"Reviewed in the United States on October 21, 2025",Verified Purchase,Ice pack in the lid doesn't snap in tight enough and ice pack doesn't stay frozen very long as the previous that I had cooler I had.,,https://www.amazon.com/LifeBROS-Insulated-Leak-Proof-Pincnic%E3%80%81Car%E3%80%81Home-Recreation%E3%80%81etc-Blue/dp/B0BFW9217D/ref=sr_1_98_sspa?crid=2R2UMV79RTHYV&dib=eyJ2IjoiMSJ9.Ala3x3LlqNApcdXtNw8aBXKngsesZRQhSLgmXDcc2_sPbra5huzPsu0NaUXJHN-SlihbF0VwwVyoROhKKDpmP8fUnrpGxoMcJsHcUpoflHvbvkpzmQHhe4AFg0YlydCqqcs--2FeeMTlZhQ1o_YzGGYEwdDOKMcubFZLnF1wLmr2wR_HxqVZXkJEshI_qSXhCljJlBmA8vRu__kabn5NC9d6d0ukAoM9pGk39SIPKtN-8aXiwfCLx6Siw01oQovXjzo3P3OYas1qZ61jdaXq4C04VeYuoR3VtpLrVvwACCA.Sx19IItqMkyM_2PfQGv1FQ0-r6AHN1cDjAevfLW96tw&dib_tag=se&keywords=cooler&qid=1768772219&refinements=p_36%3A-5800%2Cp_72%3A1248957011&rnid=386589011&sprefix=coole%2Caps%2C192&sr=8-98-spons&xpid=Z7R59A5D-GR8g&sp_csd=d2lkZ2V0TmFtZT1zcF9idGY&th=1
R2J3NT4DCMMFBK,https://www.amazon.com/gp/profile/amzn1.account.AHT2PF3H5D447SO3QQ3WETZOV6EA/ref=cm_cr_getr_d_gw_btm,Andrew L.,Great Cooler for Tesla Model Y Juniper,4.0 out of 5 stars,"Reviewed in the United States on October 11, 2025",Verified Purchase,I got this for my Tesla Model Y Juniper. Although not the Tesla branded on it is the biggest cooler i could find that fits in the frunk and at a decent price point,"https://m.media-amazon.com/images/I/61W30RqnnhL._SL1000.jpg
https://m.media-amazon.com/images/I/61m8XjW23eL._SL1000.jpg",https://www.amazon.com/LifeBROS-Insulated-Leak-Proof-Pincnic%E3%80%81Car%E3%80%81Home-Recreation%E3%80%81etc-Blue/dp/B0BFW9217D/ref=sr_1_98_sspa?crid=2R2UMV79RTHYV&dib=eyJ2IjoiMSJ9.Ala3x3LlqNApcdXtNw8aBXKngsesZRQhSLgmXDcc2_sPbra5huzPsu0NaUXJHN-SlihbF0VwwVyoROhKKDpmP8fUnrpGxoMcJsHcUpoflHvbvkpzmQHhe4AFg0YlydCqqcs--2FeeMTlZhQ1o_YzGGYEwdDOKMcubFZLnF1wLmr2wR_HxqVZXkJEshI_qSXhCljJlBmA8vRu__kabn5NC9d6d0ukAoM9pGk39SIPKtN-8aXiwfCLx6Siw01oQovXjzo3P3OYas1qZ61jdaXq4C04VeYuoR3VtpLrVvwACCA.Sx19IItqMkyM_2PfQGv1FQ0-r6AHN1cDjAevfLW96tw&dib_tag=se&keywords=cooler&qid=1768772219&refinements=p_36%3A-5800%2Cp_72%3A1248957011&rnid=386589011&sprefix=coole%2Caps%2C192&sr=8-98-spons&xpid=Z7R59A5D-GR8g&sp_csd=d2lkZ2V0TmFtZT1zcF9idGY&th=1
R343L3BL1OW8PJ,https://www.amazon.com/gp/profile/amzn1.account.AGNQKXZ64MQGDXSJRAWC5L346LTA/ref=cm_cr_getr_d_gw_btm,satisfied customer,Size is good,4.0 out of 5 stars,"Reviewed in the United States on June 15, 2025",Verified Purchase,"I really like the size, shape. When grocery shopping in hot summer months it’s perfect size. Only draw back is that it’s hard to open and the ice packs that are included don’t really keep the chest cool. You need additional ice packs or just ice. Good for wide items",,https://www.amazon.com/LifeBROS-Insulated-Leak-Proof-Pincnic%E3%80%81Car%E3%80%81Home-Recreation%E3%80%81etc-Blue/dp/B0BFW9217D/ref=sr_1_98_sspa?crid=2R2UMV79RTHYV&dib=eyJ2IjoiMSJ9.Ala3x3LlqNApcdXtNw8aBXKngsesZRQhSLgmXDcc2_sPbra5huzPsu0NaUXJHN-SlihbF0VwwVyoROhKKDpmP8fUnrpGxoMcJsHcUpoflHvbvkpzmQHhe4AFg0YlydCqqcs--2FeeMTlZhQ1o_YzGGYEwdDOKMcubFZLnF1wLmr2wR_HxqVZXkJEshI_qSXhCljJlBmA8vRu__kabn5NC9d6d0ukAoM9pGk39SIPKtN-8aXiwfCLx6Siw01oQovXjzo3P3OYas1qZ61jdaXq4C04VeYuoR3VtpLrVvwACCA.Sx19IItqMkyM_2PfQGv1FQ0-r6AHN1cDjAevfLW96tw&dib_tag=se&keywords=cooler&qid=1768772219&refinements=p_36%3A-5800%2Cp_72%3A1248957011&rnid=386589011&sprefix=coole%2Caps%2C192&sr=8-98-spons&xpid=Z7R59A5D-GR8g&sp_csd=d2lkZ2V0TmFtZT1zcF9idGY&th=1
R1AQ28JEOEOOS6,https://www.amazon.com/gp/profile/amzn1.account.AH5WQFSDAXSY7HOCRUAQAPSF5YVA/ref=cm_cr_getr_d_gw_btm,Amazon Customer,Decent,4.0 out of 5 stars,"Reviewed in the United States on June 20, 2025",Verified Purchase,"Ordered the 11 qt. red cooler. Its a nice cooler, perfect size. The color is very light red, almost pink. Also, the ice pack that goes on the top falls off easily. Other than that, decent cooler. Seems well built.",,https://www.amazon.com/LifeBROS-Insulated-Leak-Proof-Pincnic%E3%80%81Car%E3%80%81Home-Recreation%E3%80%81etc-Blue/dp/B0BFW9217D/ref=sr_1_98_sspa?crid=2R2UMV79RTHYV&dib=eyJ2IjoiMSJ9.Ala3x3LlqNApcdXtNw8aBXKngsesZRQhSLgmXDcc2_sPbra5huzPsu0NaUXJHN-SlihbF0VwwVyoROhKKDpmP8fUnrpGxoMcJsHcUpoflHvbvkpzmQHhe4AFg0YlydCqqcs--2FeeMTlZhQ1o_YzGGYEwdDOKMcubFZLnF1wLmr2wR_HxqVZXkJEshI_qSXhCljJlBmA8vRu__kabn5NC9d6d0ukAoM9pGk39SIPKtN-8aXiwfCLx6Siw01oQovXjzo3P3OYas1qZ61jdaXq4C04VeYuoR3VtpLrVvwACCA.Sx19IItqMkyM_2PfQGv1FQ0-r6AHN1cDjAevfLW96tw&dib_tag=se&keywords=cooler&qid=1768772219&refinements=p_36%3A-5800%2Cp_72%3A1248957011&rnid=386589011&sprefix=coole%2Caps%2C192&sr=8-98-spons&xpid=Z7R59A5D-GR8g&sp_csd=d2lkZ2V0TmFtZT1zcF9idGY&th=1
RRGA89ALM58RY,https://www.amazon.com/gp/profile/amzn1.account.AEC2WIMTUE7WPC3HE5JQSV52GFYQ/ref=cm_cr_getr_d_gw_btm,tina carrigan-wallace,Cooler,4.0 out of 5 stars,"Reviewed in the United States on April 17, 2025",Verified Purchase,It fit right where I need it to holds ice well,,https://www.amazon.com/LifeBROS-Insulated-Leak-Proof-Pincnic%E3%80%81Car%E3%80%81Home-Recreation%E3%80%81etc-Blue/dp/B0BFW9217D/ref=sr_1_98_sspa?crid=2R2UMV79RTHYV&dib=eyJ2IjoiMSJ9.Ala3x3LlqNApcdXtNw8aBXKngsesZRQhSLgmXDcc2_sPbra5huzPsu0NaUXJHN-SlihbF0VwwVyoROhKKDpmP8fUnrpGxoMcJsHcUpoflHvbvkpzmQHhe4AFg0YlydCqqcs--2FeeMTlZhQ1o_YzGGYEwdDOKMcubFZLnF1wLmr2wR_HxqVZXkJEshI_qSXhCljJlBmA8vRu__kabn5NC9d6d0ukAoM9pGk39SIPKtN-8aXiwfCLx6Siw01oQovXjzo3P3OYas1qZ61jdaXq4C04VeYuoR3VtpLrVvwACCA.Sx19IItqMkyM_2PfQGv1FQ0-r6AHN1cDjAevfLW96tw&dib_tag=se&keywords=cooler&qid=1768772219&refinements=p_36%3A-5800%2Cp_72%3A1248957011&rnid=386589011&sprefix=coole%2Caps%2C192&sr=8-98-spons&xpid=Z7R59A5D-GR8g&sp_csd=d2lkZ2V0TmFtZT1zcF9idGY&th=1
R3ET6YS1SZCCG6,https://www.amazon.com/gp/profile/amzn1.account.AETGAWJQWM77VV3S453TVIE7Q5KQ/ref=cm_cr_getr_d_gw_btm,lori,Sturdy,4.0 out of 5 stars,"Reviewed in the United States on August 16, 2023",Verified Purchase,Nice little cooler and is sturdy. It's a little smaller than I thought it would be but good for picnic on the beach.,,https://www.amazon.com/LifeBROS-Insulated-Leak-Proof-Pincnic%E3%80%81Car%E3%80%81Home-Recreation%E3%80%81etc-Blue/dp/B0BFW9217D/ref=sr_1_98_sspa?crid=2R2UMV79RTHYV&dib=eyJ2IjoiMSJ9.Ala3x3LlqNApcdXtNw8aBXKngsesZRQhSLgmXDcc2_sPbra5huzPsu0NaUXJHN-SlihbF0VwwVyoROhKKDpmP8fUnrpGxoMcJsHcUpoflHvbvkpzmQHhe4AFg0YlydCqqcs--2FeeMTlZhQ1o_YzGGYEwdDOKMcubFZLnF1wLmr2wR_HxqVZXkJEshI_qSXhCljJlBmA8vRu__kabn5NC9d6d0ukAoM9pGk39SIPKtN-8aXiwfCLx6Siw01oQovXjzo3P3OYas1qZ61jdaXq4C04VeYuoR3VtpLrVvwACCA.Sx19IItqMkyM_2PfQGv1FQ0-r6AHN1cDjAevfLW96tw&dib_tag=se&keywords=cooler&qid=1768772219&refinements=p_36%3A-5800%2Cp_72%3A1248957011&rnid=386589011&sprefix=coole%2Caps%2C192&sr=8-98-spons&xpid=Z7R59A5D-GR8g&sp_csd=d2lkZ2V0TmFtZT1zcF9idGY&th=1
R1Z8DGN1UL0T53,https://www.amazon.com/gp/profile/amzn1.account.AEK2RHZLJLDYOAXBWTOOYJFZZUBQ/ref=cm_cr_getr_d_gw_btm,Valonthehill,Real dimensions,3.0 out of 5 stars,"Reviewed in the United States on December 2, 2025",Verified Purchase,"The real dimensions of the 10 Liter (11 Qt) blue cooler are:
Outside: 8.75w, 11.25L, 10.4h. Inside : 6.6 at bottom to 7.25 at top wide, 9.38b to 9.88t long, 8.95h.
Weight is 1140g (40.2 oz) w/o cool block, 1612g (56.9oz) with cool block.
the 8.75 width means it will not qualify as a personal item on an air plane.
The 8.95 interior height will not fit a milk jug (1/2 gal is 3.75x3.75x10h, 1 gal is 5.75x5.75x10h)
the 10.4 height is too low to sit on. (need 14"")
If this cool box was 3/4"" narrower, 3.5"" higher, it would be really nice",,https://www.amazon.com/LifeBROS-Insulated-Leak-Proof-Pincnic%E3%80%81Car%E3%80%81Home-Recreation%E3%80%81etc-Blue/dp/B0BFW9217D/ref=sr_1_98_sspa?crid=2R2UMV79RTHYV&dib=eyJ2IjoiMSJ9.Ala3x3LlqNApcdXtNw8aBXKngsesZRQhSLgmXDcc2_sPbra5huzPsu0NaUXJHN-SlihbF0VwwVyoROhKKDpmP8fUnrpGxoMcJsHcUpoflHvbvkpzmQHhe4AFg0YlydCqqcs--2FeeMTlZhQ1o_YzGGYEwdDOKMcubFZLnF1wLmr2wR_HxqVZXkJEshI_qSXhCljJlBmA8vRu__kabn5NC9d6d0ukAoM9pGk39SIPKtN-8aXiwfCLx6Siw01oQovXjzo3P3OYas1qZ61jdaXq4C04VeYuoR3VtpLrVvwACCA.Sx19IItqMkyM_2PfQGv1FQ0-r6AHN1cDjAevfLW96tw&dib_tag=se&keywords=cooler&qid=1768772219&refinements=p_36%3A-5800%2Cp_72%3A1248957011&rnid=386589011&sprefix=coole%2Caps%2C192&sr=8-98-spons&xpid=Z7R59A5D-GR8g&sp_csd=d2lkZ2V0TmFtZT1zcF9idGY&th=1
R1WCZBIU6HPOWJ,https://www.amazon.com/gp/profile/amzn1.account.AFYMRCIUHCVEUPCUHCZLE2JQXMZA/ref=cm_cr_getr_d_gw_btm,Atulo,its ok,3.0 out of 5 stars,"Reviewed in the United States on October 31, 2025",Verified Purchase,"I like it, but I think they should not have made the label so large and unwieldy, and it is hard to remove from the front",,https://www.amazon.com/LifeBROS-Insulated-Leak-Proof-Pincnic%E3%80%81Car%E3%80%81Home-Recreation%E3%80%81etc-Blue/dp/B0BFW9217D/ref=sr_1_98_sspa?crid=2R2UMV79RTHYV&dib=eyJ2IjoiMSJ9.Ala3x3LlqNApcdXtNw8aBXKngsesZRQhSLgmXDcc2_sPbra5huzPsu0NaUXJHN-SlihbF0VwwVyoROhKKDpmP8fUnrpGxoMcJsHcUpoflHvbvkpzmQHhe4AFg0YlydCqqcs--2FeeMTlZhQ1o_YzGGYEwdDOKMcubFZLnF1wLmr2wR_HxqVZXkJEshI_qSXhCljJlBmA8vRu__kabn5NC9d6d0ukAoM9pGk39SIPKtN-8aXiwfCLx6Siw01oQovXjzo3P3OYas1qZ61jdaXq4C04VeYuoR3VtpLrVvwACCA.Sx19IItqMkyM_2PfQGv1FQ0-r6AHN1cDjAevfLW96tw&dib_tag=se&keywords=cooler&qid=1768772219&refinements=p_36%3A-5800%2Cp_72%3A1248957011&rnid=386589011&sprefix=coole%2Caps%2C192&sr=8-98-spons&xpid=Z7R59A5D-GR8g&sp_csd=d2lkZ2V0TmFtZT1zcF9idGY&th=1
R1HXQQOV4J0VFB,https://www.amazon.com/gp/profile/amzn1.account.AGSB45PAGGF2GIPNEMYSJ7N4JHHQ/ref=cm_cr_getr_d_gw_btm,John,Last of the low profile inventory,3.0 out of 5 stars,"Reviewed in the United States on June 18, 2025",Verified Purchase,"Low and flat design was the last item from the online inventory. Other sizes are still sold. The lid is not easy to open, but that's a good thing I guess. The handle feels weak. The two ice packs fall from the lid mounts.
I like there is no drain plug to avoid any water leaks. 
I wish this item was twice as large with the same low profile design. ",,https://www.amazon.com/LifeBROS-Insulated-Leak-Proof-Pincnic%E3%80%81Car%E3%80%81Home-Recreation%E3%80%81etc-Blue/dp/B0BFW9217D/ref=sr_1_98_sspa?crid=2R2UMV79RTHYV&dib=eyJ2IjoiMSJ9.Ala3x3LlqNApcdXtNw8aBXKngsesZRQhSLgmXDcc2_sPbra5huzPsu0NaUXJHN-SlihbF0VwwVyoROhKKDpmP8fUnrpGxoMcJsHcUpoflHvbvkpzmQHhe4AFg0YlydCqqcs--2FeeMTlZhQ1o_YzGGYEwdDOKMcubFZLnF1wLmr2wR_HxqVZXkJEshI_qSXhCljJlBmA8vRu__kabn5NC9d6d0ukAoM9pGk39SIPKtN-8aXiwfCLx6Siw01oQovXjzo3P3OYas1qZ61jdaXq4C04VeYuoR3VtpLrVvwACCA.Sx19IItqMkyM_2PfQGv1FQ0-r6AHN1cDjAevfLW96tw&dib_tag=se&keywords=cooler&qid=1768772219&refinements=p_36%3A-5800%2Cp_72%3A1248957011&rnid=386589011&sprefix=coole%2Caps%2C192&sr=8-98-spons&xpid=Z7R59A5D-GR8g&sp_csd=d2lkZ2V0TmFtZT1zcF9idGY&th=1
R1A4OO9CMFYV65,https://www.amazon.com/gp/profile/amzn1.account.AHYUSYY7YJXJ5NOTF66NIQMHAE2A/ref=cm_cr_getr_d_gw_btm,Debra D.,Non peelable 4x8 lable,3.0 out of 5 stars,"Reviewed in the United States on August 31, 2025",Verified Purchase,Giving a 3 because of the stupid large label I have to soak and peel piece by piece.,,https://www.amazon.com/LifeBROS-Insulated-Leak-Proof-Pincnic%E3%80%81Car%E3%80%81Home-Recreation%E3%80%81etc-Blue/dp/B0BFW9217D/ref=sr_1_98_sspa?crid=2R2UMV79RTHYV&dib=eyJ2IjoiMSJ9.Ala3x3LlqNApcdXtNw8aBXKngsesZRQhSLgmXDcc2_sPbra5huzPsu0NaUXJHN-SlihbF0VwwVyoROhKKDpmP8fUnrpGxoMcJsHcUpoflHvbvkpzmQHhe4AFg0YlydCqqcs--2FeeMTlZhQ1o_YzGGYEwdDOKMcubFZLnF1wLmr2wR_HxqVZXkJEshI_qSXhCljJlBmA8vRu__kabn5NC9d6d0ukAoM9pGk39SIPKtN-8aXiwfCLx6Siw01oQovXjzo3P3OYas1qZ61jdaXq4C04VeYuoR3VtpLrVvwACCA.Sx19IItqMkyM_2PfQGv1FQ0-r6AHN1cDjAevfLW96tw&dib_tag=se&keywords=cooler&qid=1768772219&refinements=p_36%3A-5800%2Cp_72%3A1248957011&rnid=386589011&sprefix=coole%2Caps%2C192&sr=8-98-spons&xpid=Z7R59A5D-GR8g&sp_csd=d2lkZ2V0TmFtZT1zcF9idGY&th=1
R3U3MD4LEVQTMT,https://www.amazon.com/gp/profile/amzn1.account.AHHCFHR5VCCNSDXLCW7HL3N6IXCA/ref=cm_cr_getr_d_gw_btm,Ame,,3.0 out of 5 stars,"Reviewed in the United States on May 15, 2025",Verified Purchase,Buen porte bonita pero no guarda casi nada el hielo se descongela fácilmente,,https://www.amazon.com/LifeBROS-Insulated-Leak-Proof-Pincnic%E3%80%81Car%E3%80%81Home-Recreation%E3%80%81etc-Blue/dp/B0BFW9217D/ref=sr_1_98_sspa?crid=2R2UMV79RTHYV&dib=eyJ2IjoiMSJ9.Ala3x3LlqNApcdXtNw8aBXKngsesZRQhSLgmXDcc2_sPbra5huzPsu0NaUXJHN-SlihbF0VwwVyoROhKKDpmP8fUnrpGxoMcJsHcUpoflHvbvkpzmQHhe4AFg0YlydCqqcs--2FeeMTlZhQ1o_YzGGYEwdDOKMcubFZLnF1wLmr2wR_HxqVZXkJEshI_qSXhCljJlBmA8vRu__kabn5NC9d6d0ukAoM9pGk39SIPKtN-8aXiwfCLx6Siw01oQovXjzo3P3OYas1qZ61jdaXq4C04VeYuoR3VtpLrVvwACCA.Sx19IItqMkyM_2PfQGv1FQ0-r6AHN1cDjAevfLW96tw&dib_tag=se&keywords=cooler&qid=1768772219&refinements=p_36%3A-5800%2Cp_72%3A1248957011&rnid=386589011&sprefix=coole%2Caps%2C192&sr=8-98-spons&xpid=Z7R59A5D-GR8g&sp_csd=d2lkZ2V0TmFtZT1zcF9idGY&th=1
RG9ST9WP2E4WY,https://www.amazon.com/gp/profile/amzn1.account.AERS3JGZ7QQRWG6OS3PHGUJEOV5A/ref=cm_cr_getr_d_gw_btm,Amazon Customer,Small,2.0 out of 5 stars,"Reviewed in the United States on November 9, 2025",Verified Purchase,"Too small, I didn’t realize the size from the description. My bad actually. I guess the price is okay.",,https://www.amazon.com/LifeBROS-Insulated-Leak-Proof-Pincnic%E3%80%81Car%E3%80%81Home-Recreation%E3%80%81etc-Blue/dp/B0BFW9217D/ref=sr_1_98_sspa?crid=2R2UMV79RTHYV&dib=eyJ2IjoiMSJ9.Ala3x3LlqNApcdXtNw8aBXKngsesZRQhSLgmXDcc2_sPbra5huzPsu0NaUXJHN-SlihbF0VwwVyoROhKKDpmP8fUnrpGxoMcJsHcUpoflHvbvkpzmQHhe4AFg0YlydCqqcs--2FeeMTlZhQ1o_YzGGYEwdDOKMcubFZLnF1wLmr2wR_HxqVZXkJEshI_qSXhCljJlBmA8vRu__kabn5NC9d6d0ukAoM9pGk39SIPKtN-8aXiwfCLx6Siw01oQovXjzo3P3OYas1qZ61jdaXq4C04VeYuoR3VtpLrVvwACCA.Sx19IItqMkyM_2PfQGv1FQ0-r6AHN1cDjAevfLW96tw&dib_tag=se&keywords=cooler&qid=1768772219&refinements=p_36%3A-5800%2Cp_72%3A1248957011&rnid=386589011&sprefix=coole%2Caps%2C192&sr=8-98-spons&xpid=Z7R59A5D-GR8g&sp_csd=d2lkZ2V0TmFtZT1zcF9idGY&th=1
R1PBD8PS9D2BUC,https://www.amazon.com/gp/profile/amzn1.account.AHKKHSJGR5SNNLWPFAZWH6SAO7YQ/ref=cm_cr_getr_d_gw_btm,LS,Poor insulation,2.0 out of 5 stars,"Reviewed in the United States on July 30, 2025",Verified Purchase,Great low profile cooler but have not found to keep ice frozen. Perfect on SHORT boat trips. Did not keep inside insulated,,https://www.amazon.com/LifeBROS-Insulated-Leak-Proof-Pincnic%E3%80%81Car%E3%80%81Home-Recreation%E3%80%81etc-Blue/dp/B0BFW9217D/ref=sr_1_98_sspa?crid=2R2UMV79RTHYV&dib=eyJ2IjoiMSJ9.Ala3x3LlqNApcdXtNw8aBXKngsesZRQhSLgmXDcc2_sPbra5huzPsu0NaUXJHN-SlihbF0VwwVyoROhKKDpmP8fUnrpGxoMcJsHcUpoflHvbvkpzmQHhe4AFg0YlydCqqcs--2FeeMTlZhQ1o_YzGGYEwdDOKMcubFZLnF1wLmr2wR_HxqVZXkJEshI_qSXhCljJlBmA8vRu__kabn5NC9d6d0ukAoM9pGk39SIPKtN-8aXiwfCLx6Siw01oQovXjzo3P3OYas1qZ61jdaXq4C04VeYuoR3VtpLrVvwACCA.Sx19IItqMkyM_2PfQGv1FQ0-r6AHN1cDjAevfLW96tw&dib_tag=se&keywords=cooler&qid=1768772219&refinements=p_36%3A-5800%2Cp_72%3A1248957011&rnid=386589011&sprefix=coole%2Caps%2C192&sr=8-98-spons&xpid=Z7R59A5D-GR8g&sp_csd=d2lkZ2V0TmFtZT1zcF9idGY&th=1
RFA5MXMW98NGZ,https://www.amazon.com/gp/profile/amzn1.account.AEGLPEIE4GQCXUMXTOS633W2WJLA/ref=cm_cr_getr_d_gw_btm,Amazon Customer,ice pack does not work as advertised,2.0 out of 5 stars,"Reviewed in the United States on August 7, 2023",Verified Purchase,"Was initially excited about this tiny ice chest since it comes with a hard plastic ice pack that snaps into the inside lid. When it arrived the ice pack was snapped in place. When I removed the ice pack and froze it, it froze OK. Unfortunately, once the ice pack was frozen it would not & did not snap into place. All I can figure out is once frozen the pack swells and therefore the hole is too small. Since had to put ice in the chest it was too small for drinks, etc.",,https://www.amazon.com/LifeBROS-Insulated-Leak-Proof-Pincnic%E3%80%81Car%E3%80%81Home-Recreation%E3%80%81etc-Blue/dp/B0BFW9217D/ref=sr_1_98_sspa?crid=2R2UMV79RTHYV&dib=eyJ2IjoiMSJ9.Ala3x3LlqNApcdXtNw8aBXKngsesZRQhSLgmXDcc2_sPbra5huzPsu0NaUXJHN-SlihbF0VwwVyoROhKKDpmP8fUnrpGxoMcJsHcUpoflHvbvkpzmQHhe4AFg0YlydCqqcs--2FeeMTlZhQ1o_YzGGYEwdDOKMcubFZLnF1wLmr2wR_HxqVZXkJEshI_qSXhCljJlBmA8vRu__kabn5NC9d6d0ukAoM9pGk39SIPKtN-8aXiwfCLx6Siw01oQovXjzo3P3OYas1qZ61jdaXq4C04VeYuoR3VtpLrVvwACCA.Sx19IItqMkyM_2PfQGv1FQ0-r6AHN1cDjAevfLW96tw&dib_tag=se&keywords=cooler&qid=1768772219&refinements=p_36%3A-5800%2Cp_72%3A1248957011&rnid=386589011&sprefix=coole%2Caps%2C192&sr=8-98-spons&xpid=Z7R59A5D-GR8g&sp_csd=d2lkZ2V0TmFtZT1zcF9idGY&th=1
R1ATLV8RIRQM8U,https://www.amazon.com/gp/profile/amzn1.account.AHGO5GAY7H2XHCNYMBEYAJHKFYNQ/ref=cm_cr_getr_d_gw_btm,Marc C.,Disappointing.,1.0 out of 5 stars,"Reviewed in the United States on January 13, 2026",Verified Purchase,"I assumed that this cooler would have a spray in insulation therefore making it a viable option to keep my food items cold. The first day I used it I found out that I was wrong. I did not keep my food items cold adequately. Not even close! Half of my ice was melted by noon. Just to note, I had a LOT of ice in the cooler. When I examined the cooler to gain an understanding of why this may have happened, I found that when I pushed in the sides on the outside it was flexible. If there had been foam sprayed in as I expected, then it would have not pushed in so easily. There may be foam inside; However, it is probably a sheet of foam which would not be nearly as effective as spray in foam. Very disappointed.",,https://www.amazon.com/LifeBROS-Insulated-Leak-Proof-Pincnic%E3%80%81Car%E3%80%81Home-Recreation%E3%80%81etc-Blue/dp/B0BFW9217D/ref=sr_1_98_sspa?crid=2R2UMV79RTHYV&dib=eyJ2IjoiMSJ9.Ala3x3LlqNApcdXtNw8aBXKngsesZRQhSLgmXDcc2_sPbra5huzPsu0NaUXJHN-SlihbF0VwwVyoROhKKDpmP8fUnrpGxoMcJsHcUpoflHvbvkpzmQHhe4AFg0YlydCqqcs--2FeeMTlZhQ1o_YzGGYEwdDOKMcubFZLnF1wLmr2wR_HxqVZXkJEshI_qSXhCljJlBmA8vRu__kabn5NC9d6d0ukAoM9pGk39SIPKtN-8aXiwfCLx6Siw01oQovXjzo3P3OYas1qZ61jdaXq4C04VeYuoR3VtpLrVvwACCA.Sx19IItqMkyM_2PfQGv1FQ0-r6AHN1cDjAevfLW96tw&dib_tag=se&keywords=cooler&qid=1768772219&refinements=p_36%3A-5800%2Cp_72%3A1248957011&rnid=386589011&sprefix=coole%2Caps%2C192&sr=8-98-spons&xpid=Z7R59A5D-GR8g&sp_csd=d2lkZ2V0TmFtZT1zcF9idGY&th=1
R88YEGNWZGTGY,https://www.amazon.com/gp/profile/amzn1.account.AGWBEGTDXFIAT5B4PASPKG72X7LQ/ref=cm_cr_getr_d_gw_btm,David S.,Not Enough Insulation,1.0 out of 5 stars,"Reviewed in the United States on September 7, 2025",Verified Purchase,"There are three things I found wrong with this product.
-It is too hard to open. You have to fight with it each time you want to open it. The closure is too tight. Extremely annoying! I had to spend about 30 minutes with a knife and razor blade to file it down and slice away some plastic to make it easier to open.
-The walls are too thin and this cooler does not stay cold very long. If you want your food or drink to stay cold, you have to pack a good amount of gel packs or ice packs or else it won't stay cold for more than a couple of hours.
-The two cold packs that attach to the lid are very thin and do not stay cold very long. This was a bad purchase.",,https://www.amazon.com/LifeBROS-Insulated-Leak-Proof-Pincnic%E3%80%81Car%E3%80%81Home-Recreation%E3%80%81etc-Blue/dp/B0BFW9217D/ref=sr_1_98_sspa?crid=2R2UMV79RTHYV&dib=eyJ2IjoiMSJ9.Ala3x3LlqNApcdXtNw8aBXKngsesZRQhSLgmXDcc2_sPbra5huzPsu0NaUXJHN-SlihbF0VwwVyoROhKKDpmP8fUnrpGxoMcJsHcUpoflHvbvkpzmQHhe4AFg0YlydCqqcs--2FeeMTlZhQ1o_YzGGYEwdDOKMcubFZLnF1wLmr2wR_HxqVZXkJEshI_qSXhCljJlBmA8vRu__kabn5NC9d6d0ukAoM9pGk39SIPKtN-8aXiwfCLx6Siw01oQovXjzo3P3OYas1qZ61jdaXq4C04VeYuoR3VtpLrVvwACCA.Sx19IItqMkyM_2PfQGv1FQ0-r6AHN1cDjAevfLW96tw&dib_tag=se&keywords=cooler&qid=1768772219&refinements=p_36%3A-5800%2Cp_72%3A1248957011&rnid=386589011&sprefix=coole%2Caps%2C192&sr=8-98-spons&xpid=Z7R59A5D-GR8g&sp_csd=d2lkZ2V0TmFtZT1zcF9idGY&th=1
R2BRVOBN1W4R80,https://www.amazon.com/gp/profile/amzn1.account.AHENTLM25WASS2HMM7T5PFUGMBFA/ref=cm_cr_getr_d_gw_btm,Linnea,"Worthless, don't buy",1.0 out of 5 stars,"Reviewed in the United States on November 26, 2025",Verified Purchase,"This cooler is worthless. The cold pack it comes with is also worthless. It freezes but doesn't keep anything cold. I used ice and blue cold packs that keep things in my large cooler cold for days, but not in this cooler. When you open it up when it has cold packs and ice in it it doesn't feel cool at all. Something about it just doesn't keep the coldness inside.",,https://www.amazon.com/LifeBROS-Insulated-Leak-Proof-Pincnic%E3%80%81Car%E3%80%81Home-Recreation%E3%80%81etc-Blue/dp/B0BFW9217D/ref=sr_1_98_sspa?crid=2R2UMV79RTHYV&dib=eyJ2IjoiMSJ9.Ala3x3LlqNApcdXtNw8aBXKngsesZRQhSLgmXDcc2_sPbra5huzPsu0NaUXJHN-SlihbF0VwwVyoROhKKDpmP8fUnrpGxoMcJsHcUpoflHvbvkpzmQHhe4AFg0YlydCqqcs--2FeeMTlZhQ1o_YzGGYEwdDOKMcubFZLnF1wLmr2wR_HxqVZXkJEshI_qSXhCljJlBmA8vRu__kabn5NC9d6d0ukAoM9pGk39SIPKtN-8aXiwfCLx6Siw01oQovXjzo3P3OYas1qZ61jdaXq4C04VeYuoR3VtpLrVvwACCA.Sx19IItqMkyM_2PfQGv1FQ0-r6AHN1cDjAevfLW96tw&dib_tag=se&keywords=cooler&qid=1768772219&refinements=p_36%3A-5800%2Cp_72%3A1248957011&rnid=386589011&sprefix=coole%2Caps%2C192&sr=8-98-spons&xpid=Z7R59A5D-GR8g&sp_csd=d2lkZ2V0TmFtZT1zcF9idGY&th=1
R93G6SS3R6K1E,https://www.amazon.com/gp/profile/amzn1.account.AHFWGKRLLZGMWN5SQL6BU4MUHTUQ/ref=cm_cr_getr_d_gw_btm,Jennifer Painter,Nope,1.0 out of 5 stars,"Reviewed in the United States on December 11, 2025",Verified Purchase,Not what I wanted. Too small.,,https://www.amazon.com/LifeBROS-Insulated-Leak-Proof-Pincnic%E3%80%81Car%E3%80%81Home-Recreation%E3%80%81etc-Blue/dp/B0BFW9217D/ref=sr_1_98_sspa?crid=2R2UMV79RTHYV&dib=eyJ2IjoiMSJ9.Ala3x3LlqNApcdXtNw8aBXKngsesZRQhSLgmXDcc2_sPbra5huzPsu0NaUXJHN-SlihbF0VwwVyoROhKKDpmP8fUnrpGxoMcJsHcUpoflHvbvkpzmQHhe4AFg0YlydCqqcs--2FeeMTlZhQ1o_YzGGYEwdDOKMcubFZLnF1wLmr2wR_HxqVZXkJEshI_qSXhCljJlBmA8vRu__kabn5NC9d6d0ukAoM9pGk39SIPKtN-8aXiwfCLx6Siw01oQovXjzo3P3OYas1qZ61jdaXq4C04VeYuoR3VtpLrVvwACCA.Sx19IItqMkyM_2PfQGv1FQ0-r6AHN1cDjAevfLW96tw&dib_tag=se&keywords=cooler&qid=1768772219&refinements=p_36%3A-5800%2Cp_72%3A1248957011&rnid=386589011&sprefix=coole%2Caps%2C192&sr=8-98-spons&xpid=Z7R59A5D-GR8g&sp_csd=d2lkZ2V0TmFtZT1zcF9idGY&th=1
R2SQJUOSL3LSZO,https://www.amazon.com/gp/profile/amzn1.account.AGMGRSKTWSUUXPE5RZZCONJ2ZQMQ/ref=cm_cr_getr_d_gw_btm,JonS,Not waterproof so it fills with water and has no insulating ability,1.0 out of 5 stars,"Reviewed in the United States on July 19, 2025",Verified Purchase,"No insulating ability, I keep it outside under an eaves and when it rains it leaks and fills with water. Bought it for the ice pack, even with other ice packs it still only stays cold for part of the day.",,https://www.amazon.com/LifeBROS-Insulated-Leak-Proof-Pincnic%E3%80%81Car%E3%80%81Home-Recreation%E3%80%81etc-Blue/dp/B0BFW9217D/ref=sr_1_98_sspa?crid=2R2UMV79RTHYV&dib=eyJ2IjoiMSJ9.Ala3x3LlqNApcdXtNw8aBXKngsesZRQhSLgmXDcc2_sPbra5huzPsu0NaUXJHN-SlihbF0VwwVyoROhKKDpmP8fUnrpGxoMcJsHcUpoflHvbvkpzmQHhe4AFg0YlydCqqcs--2FeeMTlZhQ1o_YzGGYEwdDOKMcubFZLnF1wLmr2wR_HxqVZXkJEshI_qSXhCljJlBmA8vRu__kabn5NC9d6d0ukAoM9pGk39SIPKtN-8aXiwfCLx6Siw01oQovXjzo3P3OYas1qZ61jdaXq4C04VeYuoR3VtpLrVvwACCA.Sx19IItqMkyM_2PfQGv1FQ0-r6AHN1cDjAevfLW96tw&dib_tag=se&keywords=cooler&qid=1768772219&refinements=p_36%3A-5800%2Cp_72%3A1248957011&rnid=386589011&sprefix=coole%2Caps%2C192&sr=8-98-spons&xpid=Z7R59A5D-GR8g&sp_csd=d2lkZ2V0TmFtZT1zcF9idGY&th=1
RN8K1ZRDDV0O,https://www.amazon.com/gp/profile/amzn1.account.AGDRRCP3JM2RDQ522D3PZADFAHNQ/ref=cm_cr_getr_d_gw_btm,Amazon Customer,Cooler was smaller than what I ordered,1.0 out of 5 stars,"Reviewed in the United States on September 24, 2025",Verified Purchase,I thought I was getting a bit larger cooler,,https://www.amazon.com/LifeBROS-Insulated-Leak-Proof-Pincnic%E3%80%81Car%E3%80%81Home-Recreation%E3%80%81etc-Blue/dp/B0BFW9217D/ref=sr_1_98_sspa?crid=2R2UMV79RTHYV&dib=eyJ2IjoiMSJ9.Ala3x3LlqNApcdXtNw8aBXKngsesZRQhSLgmXDcc2_sPbra5huzPsu0NaUXJHN-SlihbF0VwwVyoROhKKDpmP8fUnrpGxoMcJsHcUpoflHvbvkpzmQHhe4AFg0YlydCqqcs--2FeeMTlZhQ1o_YzGGYEwdDOKMcubFZLnF1wLmr2wR_HxqVZXkJEshI_qSXhCljJlBmA8vRu__kabn5NC9d6d0ukAoM9pGk39SIPKtN-8aXiwfCLx6Siw01oQovXjzo3P3OYas1qZ61jdaXq4C04VeYuoR3VtpLrVvwACCA.Sx19IItqMkyM_2PfQGv1FQ0-r6AHN1cDjAevfLW96tw&dib_tag=se&keywords=cooler&qid=1768772219&refinements=p_36%3A-5800%2Cp_72%3A1248957011&rnid=386589011&sprefix=coole%2Caps%2C192&sr=8-98-spons&xpid=Z7R59A5D-GR8g&sp_csd=d2lkZ2V0TmFtZT1zcF9idGY&th=1
R36XR9L14PE1VV,https://www.amazon.com/gp/profile/amzn1.account.AHAHZPPGSKITYZL62TZM2D243ZGQ/ref=cm_cr_getr_d_gw_btm,Anonymous,"Used item, bad condition",1.0 out of 5 stars,"Reviewed in the United States on June 6, 2025",Verified Purchase,Item iseems to be used and not in good condition.,,https://www.amazon.com/LifeBROS-Insulated-Leak-Proof-Pincnic%E3%80%81Car%E3%80%81Home-Recreation%E3%80%81etc-Blue/dp/B0BFW9217D/ref=sr_1_98_sspa?crid=2R2UMV79RTHYV&dib=eyJ2IjoiMSJ9.Ala3x3LlqNApcdXtNw8aBXKngsesZRQhSLgmXDcc2_sPbra5huzPsu0NaUXJHN-SlihbF0VwwVyoROhKKDpmP8fUnrpGxoMcJsHcUpoflHvbvkpzmQHhe4AFg0YlydCqqcs--2FeeMTlZhQ1o_YzGGYEwdDOKMcubFZLnF1wLmr2wR_HxqVZXkJEshI_qSXhCljJlBmA8vRu__kabn5NC9d6d0ukAoM9pGk39SIPKtN-8aXiwfCLx6Siw01oQovXjzo3P3OYas1qZ61jdaXq4C04VeYuoR3VtpLrVvwACCA.Sx19IItqMkyM_2PfQGv1FQ0-r6AHN1cDjAevfLW96tw&dib_tag=se&keywords=cooler&qid=1768772219&refinements=p_36%3A-5800%2Cp_72%3A1248957011&rnid=386589011&sprefix=coole%2Caps%2C192&sr=8-98-spons&xpid=Z7R59A5D-GR8g&sp_csd=d2lkZ2V0TmFtZT1zcF9idGY&th=1
R2VAWBN8UFUPPZ,https://www.amazon.com/gp/profile/amzn1.account.AH7HVJCLDZ5MGC7FAI52VL4DABBA/ref=cm_cr_getr_d_gw_btm,Alberto Tabares,The description is inaccurate,1.0 out of 5 stars,"Reviewed in the United States on November 10, 2024",Verified Purchase,"Poor quality, keep smells, and the color on pictures looks like red but is pink",,https://www.amazon.com/LifeBROS-Insulated-Leak-Proof-Pincnic%E3%80%81Car%E3%80%81Home-Recreation%E3%80%81etc-Blue/dp/B0BFW9217D/ref=sr_1_98_sspa?crid=2R2UMV79RTHYV&dib=eyJ2IjoiMSJ9.Ala3x3LlqNApcdXtNw8aBXKngsesZRQhSLgmXDcc2_sPbra5huzPsu0NaUXJHN-SlihbF0VwwVyoROhKKDpmP8fUnrpGxoMcJsHcUpoflHvbvkpzmQHhe4AFg0YlydCqqcs--2FeeMTlZhQ1o_YzGGYEwdDOKMcubFZLnF1wLmr2wR_HxqVZXkJEshI_qSXhCljJlBmA8vRu__kabn5NC9d6d0ukAoM9pGk39SIPKtN-8aXiwfCLx6Siw01oQovXjzo3P3OYas1qZ61jdaXq4C04VeYuoR3VtpLrVvwACCA.Sx19IItqMkyM_2PfQGv1FQ0-r6AHN1cDjAevfLW96tw&dib_tag=se&keywords=cooler&qid=1768772219&refinements=p_36%3A-5800%2Cp_72%3A1248957011&rnid=386589011&sprefix=coole%2Caps%2C192&sr=8-98-spons&xpid=Z7R59A5D-GR8g&sp_csd=d2lkZ2V0TmFtZT1zcF9idGY&th=1
R3K2MWTDU8H7JE,https://www.amazon.com/gp/profile/amzn1.account.AH54FPQV5R25AK6UGL25W3AB4MJQ/ref=cm_cr_getr_d_gw_btm,Tim Moore,This product is a joke,1.0 out of 5 stars,"Reviewed in the United States on June 28, 2024",Verified Purchase,I am floored at how poor this product is. I cannot even take this item seriously as a viable product.,,https://www.amazon.com/LifeBROS-Insulated-Leak-Proof-Pincnic%E3%80%81Car%E3%80%81Home-Recreation%E3%80%81etc-Blue/dp/B0BFW9217D/ref=sr_1_98_sspa?crid=2R2UMV79RTHYV&dib=eyJ2IjoiMSJ9.Ala3x3LlqNApcdXtNw8aBXKngsesZRQhSLgmXDcc2_sPbra5huzPsu0NaUXJHN-SlihbF0VwwVyoROhKKDpmP8fUnrpGxoMcJsHcUpoflHvbvkpzmQHhe4AFg0YlydCqqcs--2FeeMTlZhQ1o_YzGGYEwdDOKMcubFZLnF1wLmr2wR_HxqVZXkJEshI_qSXhCljJlBmA8vRu__kabn5NC9d6d0ukAoM9pGk39SIPKtN-8aXiwfCLx6Siw01oQovXjzo3P3OYas1qZ61jdaXq4C04VeYuoR3VtpLrVvwACCA.Sx19IItqMkyM_2PfQGv1FQ0-r6AHN1cDjAevfLW96tw&dib_tag=se&keywords=cooler&qid=1768772219&refinements=p_36%3A-5800%2Cp_72%3A1248957011&rnid=386589011&sprefix=coole%2Caps%2C192&sr=8-98-spons&xpid=Z7R59A5D-GR8g&sp_csd=d2lkZ2V0TmFtZT1zcF9idGY&th=1
R1VM0SQ9ZJVU25,https://www.amazon.com/gp/profile/amzn1.account.AH6CZZKHLH2NO4P5BU2NMJBF3PYA/ref=cm_cr_getr_d_gw_btm,chino barker,The most cooler that doesn't hold ice. Ice melted within 6,1.0 out of 5 stars,"Reviewed in the United States on August 9, 2024",Verified Purchase,Don't hold ice. Melted within 5 hours. Bad investment. Don't buy,,https://www.amazon.com/LifeBROS-Insulated-Leak-Proof-Pincnic%E3%80%81Car%E3%80%81Home-Recreation%E3%80%81etc-Blue/dp/B0BFW9217D/ref=sr_1_98_sspa?crid=2R2UMV79RTHYV&dib=eyJ2IjoiMSJ9.Ala3x3LlqNApcdXtNw8aBXKngsesZRQhSLgmXDcc2_sPbra5huzPsu0NaUXJHN-SlihbF0VwwVyoROhKKDpmP8fUnrpGxoMcJsHcUpoflHvbvkpzmQHhe4AFg0YlydCqqcs--2FeeMTlZhQ1o_YzGGYEwdDOKMcubFZLnF1wLmr2wR_HxqVZXkJEshI_qSXhCljJlBmA8vRu__kabn5NC9d6d0ukAoM9pGk39SIPKtN-8aXiwfCLx6Siw01oQovXjzo3P3OYas1qZ61jdaXq4C04VeYuoR3VtpLrVvwACCA.Sx19IItqMkyM_2PfQGv1FQ0-r6AHN1cDjAevfLW96tw&dib_tag=se&keywords=cooler&qid=1768772219&refinements=p_36%3A-5800%2Cp_72%3A1248957011&rnid=386589011&sprefix=coole%2Caps%2C192&sr=8-98-spons&xpid=Z7R59A5D-GR8g&sp_csd=d2lkZ2V0TmFtZT1zcF9idGY&th=1
RK9YDI6DNTGSB,https://www.amazon.com/gp/profile/amzn1.account.AEH4CNSTYPKGKM57FDDN23YDUM7A/ref=cm_cr_getr_d_gw_btm,Amazon Customer,Worst cooler ever!! our cash.,1.0 out of 5 stars,"Reviewed in the United States on December 12, 2023",Verified Purchase,"We have tried numerous coolers and this one by far is the worst. Doesn't hold ice, but a couple (at best) hours.",,https://www.amazon.com/LifeBROS-Insulated-Leak-Proof-Pincnic%E3%80%81Car%E3%80%81Home-Recreation%E3%80%81etc-Blue/dp/B0BFW9217D/ref=sr_1_98_sspa?crid=2R2UMV79RTHYV&dib=eyJ2IjoiMSJ9.Ala3x3LlqNApcdXtNw8aBXKngsesZRQhSLgmXDcc2_sPbra5huzPsu0NaUXJHN-SlihbF0VwwVyoROhKKDpmP8fUnrpGxoMcJsHcUpoflHvbvkpzmQHhe4AFg0YlydCqqcs--2FeeMTlZhQ1o_YzGGYEwdDOKMcubFZLnF1wLmr2wR_HxqVZXkJEshI_qSXhCljJlBmA8vRu__kabn5NC9d6d0ukAoM9pGk39SIPKtN-8aXiwfCLx6Siw01oQovXjzo3P3OYas1qZ61jdaXq4C04VeYuoR3VtpLrVvwACCA.Sx19IItqMkyM_2PfQGv1FQ0-r6AHN1cDjAevfLW96tw&dib_tag=se&keywords=cooler&qid=1768772219&refinements=p_36%3A-5800%2Cp_72%3A1248957011&rnid=386589011&sprefix=coole%2Caps%2C192&sr=8-98-spons&xpid=Z7R59A5D-GR8g&sp_csd=d2lkZ2V0TmFtZT1zcF9idGY&th=1